UI_20150317_000001	{@st41b}各ク​​ラスのマスターたちから{nl}の特性を学ぶことができます。{/}
UI_20150317_000002	{@st43}属性の一覧{/}
UI_20150317_000003	{@st59}属性リストを閉じます{/}
UI_20150317_000004	{@st43}特性を学ぶ{/}
UI_20150317_000005	{@st59}プロパティ]ウィンドウを閉じます{/}
UI_20150317_000006	{@st41b}所持金{/}
UI_20150317_000007	業績
UI_20150317_000008	サーバーランキング
UI_20150317_000009	{@st59}突発イベントがあります{/}
UI_20150317_000010	{@st59}ヒントがあります{/}
UI_20150317_000011	{@st41}いくつかの種類の矢を製作しますか？{/}
UI_20150317_000012	{@st41b}一度だけ{/}
UI_20150317_000013	{@st41b}すべて{/}
UI_20150317_000014	{@st41b}中止{/}
UI_20150317_000015	{@st43}冒険日誌{/}
UI_20150317_000016	{@st43}競売{/}
UI_20150317_000017	{@st59}競売を閉じます{/}
UI_20150317_000018	{@st41b}落札物品：%s個、流札物品：%s個{/}
UI_20150317_000019	{@st43} {s22}アイテムオークション{/}
UI_20150317_000020	{@st59}クエストを閉じます{/}
UI_20150317_000021	Abe days rest
UI_20150317_000022	{@st41b}残り時間
UI_20150317_000023	3時間16分
UI_20150317_000024	{@st41b}より
UI_20150317_000025	{@st41b}入札数
UI_20150317_000026	{@st41b}現在
UI_20150317_000027	{@st41b}入札金
UI_20150317_000028	{@st41b}最小{@st57}%s {@st41b}銀から入札可能{/}
UI_20150317_000029	{@st41b}入札{/}
UI_20150317_000030	{@st43b}今すぐ購入！{nl} {img icon_item_silver 20 20} {@st57}%s {/}
UI_20150317_000031	{@st44}権限の設定{/}
UI_20150317_000032	{@st45}名前：%s {/}
UI_20150317_000033	{@st45}パーティー倉庫{/}
UI_20150317_000034	{@st49}なし
UI_20150317_000035	{@st49}挿入
UI_20150317_000036	{@st49}インポート
UI_20150317_000037	{@st45}アンケート{/}
UI_20150317_000038	{@st49}作成
UI_20150317_000039	{@st49}削除
UI_20150317_000040	{@st44}保存{/}
UI_20150317_000041	{@st44}キャンセル{/}
UI_20150317_000042	{@st43} {s22}美容室{/}
UI_20150317_000043	{@st59}前の頭部{/}
UI_20150317_000044	{@st59}次の頭{/}
UI_20150317_000045	{@st41b}変更{s18}（NXP 100必要）{/}
UI_20150317_000046	{@st59}選択されたヘアに変更します。{/}
UI_20150317_000047	{@st41}解約
UI_20150317_000048	{@st43}ブラックマーケット{/}
UI_20150317_000049	本の名前
UI_20150317_000050	{@st59}読書をやめる{/}
UI_20150317_000051	{@st59}前のページ{/}
UI_20150317_000052	{@st59}次のページ{/}
UI_20150317_000053	{@st47}%s登場！
UI_20150317_000054	{@st43}スコア{/}
UI_20150317_000055	受けたダメージ
UI_20150317_000056	テクニックボーナス
UI_20150317_000057	回避ボーナス
UI_20150317_000058	クリア時間
UI_20150317_000059	総得点
UI_20150317_000060	{@st42}経過時間
UI_20150317_000061	10分
UI_20150317_000062	10秒
UI_20150317_000063	{@st44}締め切り
UI_20150317_000064	{@st59}自動販売機を閉じます{/}
UI_20150317_000065	{@st43}バフ自動販売機
UI_20150317_000066	自動販売機の名前
UI_20150317_000067	{@st43}登録
UI_20150317_000068	{@st43}キャンセル
UI_20150317_000069	バフ自動販売機
UI_20150317_000070	{@st59}バフ自動販売機を閉じます。
UI_20150317_000071	{@st59}バフ自販機{nl} - シルバーを払って、そのプレイヤーにバフスキルを詠唱することができます。
UI_20150317_000072	キャリッジメニュー
UI_20150317_000073	{ol} {s22}を下げる{/}
UI_20150317_000074	キャスティング
UI_20150317_000075	{@st43}ゲーム設定{/}
UI_20150317_000076	{@st64}方向キーを入力して、セルを選択してください！
UI_20150317_000077	{@st43}転職情報{/}
UI_20150317_000078	{@st43}クラスの選択
UI_20150317_000079	サイコキネシス
UI_20150317_000080	{@st42}%sサークル{/}
UI_20150317_000081	いくつかのサークル
UI_20150317_000082	クラスの簡単な説明をここに表示されます。
UI_20150317_000083	{@st41b}攻撃力{@sti7}%s {/}
UI_20150317_000084	{@st41b}補助{@sti7}%s {/}
UI_20150317_000085	{@st41b}難易度{@sti7}%s {/}
UI_20150317_000086	{@st59}クラス情報ウィンドウを閉じます{/}
UI_20150317_000087	転職可能アラーム
UI_20150317_000088	{@st43}クラス転職
UI_20150317_000089	{@sti7} {s14}キャラクター{/}
UI_20150317_000090	{@sti8} {s14}クラス{/}
UI_20150317_000091	{@st44}チャット{/}
UI_20150317_000092	To。 WWWWWWWW 他1
UI_20150317_000093	一般：/ sの内容{nl}呼出し：/ y内容{nl}パーティー：/ pの内容{nl}ささやき：/ wキャラ名内容
UI_20150317_000094	{@st41}一般的な会話{/}
UI_20150317_000095	{@​​59}終了する{/}
UI_20150317_000096	{@​​59}招待する{/}
UI_20150317_000097	{@st59}全体{/}
UI_20150317_000098	{@st59}一般的な（/ sの発言）{/}
UI_20150317_000099	{@st59}呼出し（/ y発言）{/}
UI_20150317_000100	{@st59}パーティー（/ p発言）{/}
UI_20150317_000101	{@st59}ウィスパー（/ wチーム名の発言）{/}
UI_20150317_000102	{@st59}チャットウィンドウのサイズを変更{/}
UI_20150317_000103	{@st43} {s22}チャットマクロ{/}
UI_20150317_000104	{@st43}マクロ{/}
UI_20150317_000105	{@st59b}マクロ{nl} {@st59s} - 使用方法：{nl} 1.上部のジェスチャーアイコンを下部のジェスチャースロットに登録{nl} 2.会話フレーズを作成して保存{nl} 3.ショートカットを使用してフレーズと同時にジェスチャー動作{/}
UI_20150317_000106	{@st59}マクロを閉じます{/}
UI_20150317_000107	{@st41b}保存{/}
UI_20150317_000108	{@st59}登録内容を保存します{/}
UI_20150317_000109	{@st41b}キャンセル{/}
UI_20150317_000110	{@st59}登録内容をキャンセルします{/}
UI_20150317_000111	{@st42}チャット設定
UI_20150317_000112	{@st42}透明度
UI_20150317_000113	吹き出しを表示
UI_20150317_000114	画面の上部に叫ぶの内容を表示
UI_20150317_000115	{@st43}チートリスト{/}
UI_20150317_000116	{@st42b}アイテム{/}
UI_20150317_000117	{@st42b}モンスター{/}
UI_20150317_000118	{@st42b}マップ移動{/}
UI_20150317_000119	{@st42b}戦闘コマンド{/}
UI_20150317_000120	{@st41b}を閉じる{/}
UI_20150317_000121	{s16} {b}ダブルクリック、または生成ボタンでアイテムを作成することができます。
UI_20150317_000122	{s16} {b}ea
UI_20150317_000123	{s16} {b}レベル
UI_20150317_000124	{@st41b}検索{/}
UI_20150317_000125	{s16} {b}ダブルクリック、または[生成]ボタンでモンスターを召喚することができます。
UI_20150317_000126	{s16} {b}匹
UI_20150317_000127	{s16} {b}所望の領域を選択してください
UI_20150317_000128	{s18} {b}、ミニマップを表示{/}
UI_20150317_000129	{@st41b}ツールリスト{/}
UI_20150317_000130	{@st59b}コレクション{nl} {@st59s} - ゲーム内コレクションデッキを手に入れたアイテムを収集すると、そのアイテム収集可能{nl} - コレクションデッキアイテム使用した場合、コレクションのショートカットが有効に{nl} {/}
UI_20150317_000131	{@st59}コレクションを閉じます{/}
UI_20150317_000132	{@st43}コレクション{/}
UI_20150317_000133	{@st43}カラースプレー{/}
UI_20150317_000134	{@st49}カラースプレー{/}
UI_20150317_000135	{@st49}色{/}
UI_20150317_000136	{@st49}残量{/}
UI_20150317_000137	{@st49}ブラシ{/}
UI_20150317_000138	{@st49} {a END_EDIT_SPRAY}描画{/} {/}
UI_20150317_000139	{@st49} {a SAVE_EDIT_SPRAY}保存{/} {/}
UI_20150317_000140	{@st49} {a LOAD_EDIT_SPRAY}インポート{/} {/}
UI_20150317_000141	{@st49}を閉じる{/}
UI_20150317_000142	{@st43}コンパニオン分譲
UI_20150317_000143	{@st59}分譲されるコンパニオンの名前を入力してください{/}
UI_20150317_000144	{@st41b}名前{/}
UI_20150317_000145	{@st41b}価格%s {/}
UI_20150317_000146	{@st59}コンパニオン分譲ウィンドウを閉じます{/}
UI_20150317_000147	{@st41b}分譲
UI_20150317_000148	{@st59}分譲されるコンパニオンを決定します{/}
UI_20150317_000149	{@st43}コンパニオンショップ
UI_20150317_000150	{@st59}コンパニオン店を閉じます{/}
UI_20150317_000151	{@st43}他のキャラクターの情報{/} {@st42}
UI_20150317_000152	{@st59}キャラクター情報を閉じる{/}
UI_20150317_000153	{@st41b}情報
UI_20150317_000154	{@st41b}記録
UI_20150317_000155	チームがボリューム
UI_20150317_000156	キャラクターがボリューム
UI_20150317_000157	{#ffff00}%s {/}ランク%s {#ffff00}%s {/}レベル
UI_20150317_000158	ファイター
UI_20150317_000159	冒険指数{#ffff00}%s {/}（{#ffff00}%s {/}上/%s）
UI_20150317_000160	冒険指数{#ffff00}%s {/}（{#ffff00} Unranked {/}）
UI_20150317_000161	業績達成{#ffff00}%s {/}個
UI_20150317_000162	設定
UI_20150317_000163	タブのタイトルを消去確認すると、タブが削除されます
UI_20150317_000164	{@st49}全体{/}
UI_20150317_000165	{@st49}システム{/}
UI_20150317_000166	{@st49}会話{/}
UI_20150317_000167	{@st49}戦闘{/}
UI_20150317_000168	{@st49}アイテム{/}
UI_20150317_000169	{@st43}クレジット{/}
UI_20150317_000170	{@st43}ターゲット固定設定の中で{/}
UI_20150317_000171	NPC名
UI_20150317_000172	比較
UI_20150317_000173	イラスト
UI_20150317_000174	会話の選択
UI_20150317_000175	テキストヘルプ
UI_20150317_000176	{@st41}アイテム製造{/}
UI_20150317_000177	{@st45tw2}アイテム製作中...
UI_20150317_000178	%r秒
UI_20150317_000179	{@st41}キャンセル{/}
UI_20150317_000180	{@st45tw2}数量{/}
UI_20150317_000181	{@st45tw2}アイテムを作成しますか？
UI_20150317_000182	{@st41}決定{/}
UI_20150317_000183	クエスト情報
UI_20150317_000184	{@st59}取引をキャンセルします{/}
UI_20150317_000185	{@st43}個人取引{/}
UI_20150317_000186	取引のリスト
UI_20150317_000187	シルバー：%s
UI_20150317_000188	入力
UI_20150317_000189	{@st41}受け入れる
UI_20150317_000190	{@st41}最終確認
UI_20150317_000191	相手（%s）取引リスト
UI_20150317_000192	相手の名前
UI_20150317_000193	{s18} {ol} {gr gradation1}フィールドイベント{/}
UI_20150317_000194	{s20} {ol}Vubbe族をやっつけろ！に参加しますか？
UI_20150317_000195	{s20} {ol}%s参加しますか？
UI_20150317_000196	{s20} {ol}参加人数：（1/5）
UI_20150317_000197	{s20} {ol}参加人数：（%s /%s）
UI_20150317_000198	{s20} {ol} 1秒後にゲームが開始されます。
UI_20150317_000199	{s20} {ol}%s秒後にゲームが開始されます。
UI_20150317_000200	今日一日見ていない。
UI_20150317_000201	フィールドイベントを見ていません。
UI_20150317_000202	ゲームに参加
UI_20150317_000203	プレイヤーとゲームを開始します。
UI_20150317_000204	ゲームへの参加をしていません。
UI_20150317_000205	スプレープリセット
UI_20150317_000206	{@st49}選択{/}
UI_20150317_000207	{@st49}キャンセル{/}
UI_20150317_000208	{@st49}削除{/}
UI_20150317_000209	保存するファイルの名前を入力します。
UI_20150317_000210	{@st43}友達
UI_20150317_000211	{@st59}友達モクロクルル閉じます{/}
UI_20150317_000212	{@st59b}友達{nl} {@st59s} - 友人関係は、アカウントの間に生成{nl} - リストタブで友人のステータスを確認する/削除可能{nl} - [管理]タブで、招待、拒絶、ブロックなどの内容を確認{/}
UI_20150317_000213	{@st41b}接続した友達のみ表示{/}
UI_20150317_000214	{@st41b}リスト
UI_20150317_000215	{@st41b}管理
UI_20150317_000216	{@st41b}友達申請
UI_20150317_000217	{@st41b}ブロック
UI_20150317_000218	{@st59}検索{/}
UI_20150317_000219	{@st44}ギルド{/}
UI_20150317_000220	ギルド
UI_20150317_000221	リスト
UI_20150317_000222	ニュース
UI_20150317_000223	ギルドミッション
UI_20150317_000224	接続されているメンバーの数
UI_20150317_000225	{@st44}ギルド作成{/}
UI_20150317_000226	{@st42}生成{/}
UI_20150317_000227	{@st42}を閉じる{/}
UI_20150317_000228	{@st42}全体{/}
UI_20150317_000229	{@st42}今日のランキング{/}
UI_20150317_000230	{@st42}週間ランキング{/}
UI_20150317_000231	{@st56}順位{/}
UI_20150317_000232	{@st56}スコア{/}
UI_20150317_000233	{@st56}職業{/}
UI_20150317_000234	{@st56}名前{/}
UI_20150317_000235	前のページ
UI_20150317_000236	次のページ
UI_20150317_000237	{@st42} ID検索{/}
UI_20150317_000238	入力したIDを検索します
UI_20150317_000239	殿堂入りを閉じます
UI_20150317_000240	検索するIDを入力します
UI_20150317_000241	{@st59}スタミナ{/}
UI_20150317_000242	{@st43}ヘルプリスト{/}
UI_20150317_000243	{@st59}ヘルプ一覧]ウィンドウを閉じます{/}
UI_20150317_000244	{@st59b}ヘルプリスト{nl} {@st59s} - 読んだヘルプをリストから再度確認可能{nl} - 目的の項目を選択して詳細を見る{/}
UI_20150317_000245	{@st43} {s22}ヘルプ{/}
UI_20150317_000246	{@st47_b} {b}ヘルプタイトル{/}
UI_20150317_000247	{@st42b}シンプルヘルプの内容{/}
UI_20150317_000248	{@st59}詳しく見る{/}
UI_20150317_000249	数量を入力してください
UI_20150317_000250	{@st59}の内容を入力します{/}
UI_20150317_000251	{@st41b}確認
UI_20150317_000252	{@st59}入力内容を確認します{/}
UI_20150317_000253	{@st41b}を閉じる
UI_20150317_000254	{@st59}入力をオフにします{/}
UI_20150317_000255	{@st43}ワープ{/}
UI_20150317_000256	{@st59}ワープウィンドウを閉じます{/}
UI_20150317_000257	{@st59b}ワープ{nl} {@st59s} - 自分が訪問した地域にワープすることができるシステム{nl} - ワープが2つ以上の場合、ワープ機能を有効に{nl} {/}
UI_20150317_000258	{@st41}現在の位置：%s {/}
UI_20150317_000259	{@st43} {s22}ワープ{/}
UI_20150317_000260	{@st41b}が地域に移動しますか？{/}
UI_20150317_000261	ソールレイどうして
UI_20150317_000262	消費コイン：0
UI_20150317_000263	イントロ
UI_20150317_000264	{@st43}インベントリ{/}
UI_20150317_000265	{@st59}インベントリを閉じます{/}
UI_20150317_000266	{@st59b}着用装備{nl} {@st59s} - ヘア/コスチューム：外形変更可能アイテム着用{nl} - 武器：片手機器と両手装備着用可能{nl}（片手装備着用時のサブウェポン/盾着用可能）{nl} - 防具：トップス、ボトムス、グローブ、シューズ着用{nl} - アクセサリー：ネックレス1個、ブレスレット2個着用{nl} {/}
UI_20150317_000267	{@st59}ヘアコスチューム1 {/}
UI_20150317_000268	{@st59}ヘアコスチューム2 {/}
UI_20150317_000269	{@st59}ネックレス{/}
UI_20150317_000270	{@st59}コスチューム{/}
UI_20150317_000271	{@st59}上の{/}
UI_20150317_000272	{@st59}手袋{/}
UI_20150317_000273	{@st59}下{/}
UI_20150317_000274	{@st59}靴{/}
UI_20150317_000275	{@st59}左手{/}
UI_20150317_000276	{@st59}右手{/}
UI_20150317_000277	{@st59}ブレスレット1 {/}
UI_20150317_000278	{@st59}ブレスレット2 {/}
UI_20150317_000279	{@st59}アームバンド{/}
UI_20150317_000280	{@st59}入力した名前で検索します{/}
UI_20150317_000281	重量
UI_20150317_000282	{@st43}機器バフ{/}
UI_20150317_000283	{@st59}修理UIを閉じます{/}
UI_20150317_000284	{@st42}バフ可能機器リスト
UI_20150317_000285	{@st42}消耗アイテム{/}
UI_20150317_000286	{@st42}実行
UI_20150317_000287	{@st42}ターゲットアイテム{/}
UI_20150317_000288	{@st59}リング1 {/}
UI_20150317_000289	{@st43}アイテム製作{/}
UI_20150317_000290	{@st42b}材料があるだけ表示{/}
UI_20150317_000291	{@st59}アイテム製作を終了します{/}
UI_20150317_000292	{@st43} {s22}アイテム改
UI_20150317_000293	{@st59}の数を入力してください{/}
UI_20150317_000294	モンスターの体力ゲージ
UI_20150317_000295	{@st44}のセットアイテム獲得{/}
UI_20150317_000296	キーボードウォリアー
UI_20150317_000297	キル
UI_20150317_000298	99分99秒
UI_20150317_000299	38000点
UI_20150317_000300	改良された迅速のポーション
UI_20150317_000301	{@st41}確認{/}
UI_20150317_000302	{@st59b}冒険日誌{nl} {@st59s} - 自分の行った情報が危険であるかに記録{nl} - アイテム習得、モンスター狩り、製作、マップ探索、コンテンツの進行に冒険指数獲得{nl}冒険指数：他のすべての指数の合計数{nl}成長：レベルと職業レベルごとに5点{nl}アイテム：機器：評価X 10点、本：10点、その他：1点{nl}モンスター：モンスターあたり10点（ボス：50点）{nl}地域ナビゲーション：10%あたり1点{nl}クエスト：クエストごとに1点{nl}業績：業績により異なり{nl}製法：本あたり10点{nl}コレクション：デッキ5点、完成45点{nl} - 獲得した冒険指数に基づいて村NPCから報酬獲得{/}
UI_20150317_000303	{@sti7} {s22} {ds}冒険指数達成{/}
UI_20150317_000304	{@st42b} {#22FF22}上位10%/%s点{/}
UI_20150317_000305	{@st42b}全体の平均/%s点{/}
UI_20150317_000306	1位/%s点
UI_20150317_000307	%s 位
UI_20150317_000308	%s 点
UI_20150317_000309	職業
UI_20150317_000310	チーム
UI_20150317_000311	{@st59}冒険日誌を閉じます{/}
UI_20150317_000312	{@st43}冒険日誌ランキング{/}
UI_20150317_000313	{@st43} {s22}ランキング
UI_20150317_000314	{@st43} {s22}の名前
UI_20150317_000315	{@st43} {s22}スコア
UI_20150317_000316	{@st41}詳細{/}
UI_20150317_000317	{@st43}製作開始{/}
UI_20150317_000318	{@st59}アイテム製作を開始します。{/}
UI_20150317_000319	{@st44}キーパッド{/}
UI_20150317_000320	{@st42}制限時間
UI_20150317_000321	{@st56}キル{/}
UI_20150317_000322	{@st56}オーバーキル{/}
UI_20150317_000323	{@st56}襲撃{/}
UI_20150317_000324	{@st56}死亡{/}
UI_20150317_000325	購入歴
UI_20150317_000326	防御力
UI_20150317_000327	魔法抵抗力
UI_20150317_000328	クリティカル率
UI_20150317_000329	{@st43}ソケット管理{/}
UI_20150317_000330	{@st59}ソケット管理を閉じます{/}
UI_20150317_000331	アイテムを掲載して
UI_20150317_000332	ポテンシャル
UI_20150317_000333	ソケットの追加料金：{#ff9933}%s {/} {nl}ジェム抽出コスト：{#ff9933}%s {/}
UI_20150317_000334	{@st41b}ソケットを追加
UI_20150317_000335	{@st41b}ジェム抽出
UI_20150317_000336	{@st41}製造{/}
UI_20150317_000337	{@st41}%s%s個
UI_20150317_000338	地域の地図
UI_20150317_000339	探査率：95.5%
UI_20150317_000340	{@st45tw}探査率%s%{/}
UI_20150317_000341	{@st59}の地図を閉じます（M）{/}
UI_20150317_000342	{@st41}の地図{/}
UI_20150317_000343	シフト（クリア）、コントロール（中間塗り）
UI_20150317_000344	{ol}タイトル
UI_20150317_000345	{@st41}追加{/}
UI_20150317_000346	{@st41}削除{/}
UI_20150317_000347	{@st41}保存{/}
UI_20150317_000348	{@st41}自動{/}
UI_20150317_000349	{@st41}の初期化{/}
UI_20150317_000350	{@st59}の部分の数を設定します。{/}
UI_20150317_000351	{ol}グループ
UI_20150317_000352	{ol}メッセージ
UI_20150317_000353	{ol}サウンド
UI_20150317_000354	{@st41}ミニマップ製作{/}
UI_20150317_000355	{@st55}地図
UI_20150317_000356	{@st43} {s22}マーケット{/}
UI_20150317_000357	{@st43} {s24}マーケット{/}
UI_20150317_000358	{@st42b}系{/}
UI_20150317_000359	{@st42b}タイプ{/}
UI_20150317_000360	{@st42b}着用レベル{/}
UI_20150317_000361	{@st42b}強化数値{/}
UI_20150317_000362	{@st42b}名前
UI_20150317_000363	{@st41b}アイテム受領する%s
UI_20150317_000364	{@st41b}販売登録
UI_20150317_000365	{@st41b}検索
UI_20150317_000366	{@st59}マーケットウィンドウを閉じます{/}
UI_20150317_000367	{@st42b}表示順
UI_20150317_000368	{@st41b}販売中のアイテム
UI_20150317_000369	{@st43} {s22}アイテム受領する
UI_20150317_000370	{@st41b}すべて受信
UI_20150317_000371	{@st41b}アイテム受領する
UI_20150317_000372	{@st43} {s22}販売登録
UI_20150317_000373	{@st42b}数
UI_20150317_000374	{@st42b}価格
UI_20150317_000375	{@st42b}売り手プライベート{/}
UI_20150317_000376	{@st41b}登録
UI_20150317_000377	攻城戦コイン
UI_20150317_000378	誰か誰を倒しました。
UI_20150317_000379	{@st43}ミニゲーム{/}
UI_20150317_000380	{@st49}カタパルト発射{/}
UI_20150317_000381	{@st44}方向調節{/}
UI_20150317_000382	{@st44}発射{/}
UI_20150317_000383	ミニゲーム
UI_20150317_000384	{s18} {ol} {gr gradation1}氷丁ミニゲーム{/}
UI_20150317_000385	{s16}ミニゲームに参加してもよろしいですか？
UI_20150317_000386	{s16}参加人数：（0/5）
UI_20150317_000387	{s16}参加人数：（%s /%s）
UI_20150317_000388	{s16} 1秒後にゲームが開始されます。
UI_20150317_000389	{s16}%s秒後にゲームが開始されます。
UI_20150317_000390	{@st59}拡大{/}
UI_20150317_000391	{@st59}縮小{/}
UI_20150317_000392	{@st59}の地図（M）{/}
UI_20150317_000393	{@st42b}地図
UI_20150317_000394	{@st44}アイテムジョハプギ{/}
UI_20150317_000395	{s16} {#FFcc66} {ol}製作アイテムを選択してください{/} {/}
UI_20150317_000396	{s16} {#FFcc66} {ol}材料アイテムをスロットにドラッグしてください
UI_20150317_000397	{@st42}製作{/}
UI_20150317_000398	{@st42}キャンセル{/}
UI_20150317_000399	%sの情報
UI_20150317_000400	ケパとか
UI_20150317_000401	{@st41} {詳細}
UI_20150317_000402	{s20} {#050505}モンスター説明内容モンスター説明内容モンスター説明内容モンスター説明内容
UI_20150317_000403	{@st41}キル{/}
UI_20150317_000404	{@st41}オーバーキル{/}
UI_20150317_000405	{@st41}一般的なキル{/}
UI_20150317_000406	{@st41}地域{/}
UI_20150317_000407	{@st41}アイテム{/}
UI_20150317_000408	{@st41}業績{/}
UI_20150317_000409	対象
UI_20150317_000410	{@st43}ネクロノミコン{/}
UI_20150317_000411	{@st59}ネクロノミコンUIを閉じます{/}
UI_20150317_000412	{@st59}私は何も考えていない。なぜなら、私は考えていないからである。{/}
UI_20150317_000413	召喚体：{#ffcc33}%s {/}
UI_20150317_000414	アンデッドハーピー
UI_20150317_000415	スキル：%s
UI_20150317_000416	スキル1、スキル2
UI_20150317_000417	必要破片：%s
UI_20150317_000418	獣60 /昆虫20 /変異10
UI_20150317_000419	破片の本数
UI_20150317_000420	パーツ1
UI_20150317_000421	パーツ2
UI_20150317_000422	パーツ3
UI_20150317_000423	おめでとうございます！レベルが上昇しました
UI_20150317_000424	アイテムの通知
UI_20150317_000425	{@st64}の内容{/}
UI_20150317_000426	操作チュートリアル
UI_20150317_000427	{@st42b}キャラクターが上下左右の4方向に移動します{/}
UI_20150317_000428	{@st42b}キャラクターが基本攻撃をします{/}
UI_20150317_000429	{@st42b}キャラクターが所定の位置または移動時のジャンプをします{/}
UI_20150317_000430	{@st42b}隣接矢印キー2つを同時に入力して、斜めに移動します{/}
UI_20150317_000431	マップフォグツール
UI_20150317_000432	モンスターを殺すツール
UI_20150317_000433	ミニマップを作成するツール
UI_20150317_000434	ダイアログツール
UI_20150317_000435	{@st43}オペレータの設定{/}
UI_20150317_000436	{@st59}パーティーを閉じます{/}
UI_20150317_000437	{@st59b}パーティー情報{nl} {@st59s} - 下部のパーティー作成ボタンを押して、自分のパーティーを作成可能{nl} - 他のユーザーのキャラクターの上でマウス右クリックでパーティーに招待可能{nl} - [設定]タブで、現在のパーティーのさまざまな設定をリアルタイムで調整{nl} - パーティーリストにパーティーメンバーを取得時に公開項目で条件設定{/}
UI_20150317_000438	{@st43}パーティー情報{/}
UI_20150317_000439	{@st41b}構成{/}
UI_20150317_000440	{@st41b}パーティーイベント{/}
UI_20150317_000441	{@st41b}設定{/}
UI_20150317_000442	{@st41}メンバー{/}
UI_20150317_000443	{@st41}パーティー加入条件
UI_20150317_000444	{@st41b}公開
UI_20150317_000445	{@st41b}プライベート
UI_20150317_000446	希望レベル〜
UI_20150317_000447	{@st41}アイテム分配ルール
UI_20150317_000448	{@st41b}それぞれ獲得
UI_20150317_000449	{@st41b}の順序で獲得
UI_20150317_000450	{@st41b}ランダムに分配
UI_20150317_000451	{@st41}経験値分配ルール
UI_20150317_000452	{@st41b}それぞれ得る
UI_20150317_000453	{@st41b}均等分配
UI_20150317_000454	{@st41b}レベル差分
UI_20150317_000455	{@st41}クエスト共有
UI_20150317_000456	{@st41b}使用
UI_20150317_000457	{@st41b}を使用しない
UI_20150317_000458	{@st41b}パーティー作成
UI_20150317_000459	{@st43}オープンハウスリスト{/}
UI_20150317_000460	{@st59b}オープンハウスリスト{nl} {@st59s} - サーバー内の公開されたパーティーのリストを確認して目的のパーティーに参加し、{nl} - 検索オプションの使用に必要な条件のパーティー検索{/}
UI_20150317_000461	{@st59}パーティーリストを閉じます{/}
UI_20150317_000462	検索オプションを使用
UI_20150317_000463	クエスト共有
UI_20150317_000464	経験値分配ルール
UI_20150317_000465	アイテム分配ルール
UI_20150317_000466	{@st43}招待
UI_20150317_000467	{@st41b}招待{/}
UI_20150317_000468	{s18} {ol} {gr gradation1}ログアウトPCルール{/}
UI_20150317_000469	{ol}ルールの適用条件
UI_20150317_000470	{ol}ルールの適用の動作
UI_20150317_000471	ルールの名前を入力します
UI_20150317_000472	{gr gradation1}登録{/}
UI_20150317_000473	ルールを登録します
UI_20150317_000474	{gr gradation1}キャンセル{/}
UI_20150317_000475	操作をキャンセルします
UI_20150317_000476	{@st43}コンパニオン情報
UI_20150317_000477	{@st59b}コンパニオン情報{nl} {@st59s} - 休眠/活動ボタンでコンパニオン出し入れ可能{nl} - コンパニオンの特性、アイテム装着にカスタマイズ可能{/}
UI_20150317_000478	{@st59}コンパニオンを閉じます{/}
UI_20150317_000479	{@st41b}名前：{@sti9}%s {/}
UI_20150317_000480	{@sti9}%s {@st41b}との親密度：{@sti9}%s {@st41b}レベル{/}
UI_20150317_000481	{@st41b}経験値{/}
UI_20150317_000482	{@st41b}スタミナ{/}
UI_20150317_000483	{@st41b}親密度{/}
UI_20150317_000484	{@st41b}特性と情報
UI_20150317_000485	{@st43}コンパニオン{/}
UI_20150317_000486	{@st59b}コンパニオン{nl} {@st59s} - リストから目的の項目をクリックして詳細情報を見る{/}
UI_20150317_000487	{@st59}コンパニオンを閉じます{/}
UI_20150317_000488	{@st59}ヘルプウィンドウを閉じます{/}
UI_20150317_000489	{@st59}ヘルプ{nl} - ヘルプ詳細を見る{nl} - 他のアイテムを表示するには、ヘルプのリストから選択{/}
UI_20150317_000490	{@st43}ヘルプ{/}
UI_20150317_000491	ヘルプトピック
UI_20150317_000492	{ol} {#AAAA00} {s16}進行時間：%s
UI_20150317_000493	{@st43}ポイズンポット{/}
UI_20150317_000494	{@st59}ポイズンポットUIを閉じます{/}
UI_20150317_000495	{@st59}作成する必要{/}
UI_20150317_000496	毒の量：%s
UI_20150317_000497	毒製造に使うことができるアイテム
UI_20150317_000498	すべて選択
UI_20150317_000499	もう一度クリックすると全体を解除
UI_20150317_000500	製造
UI_20150317_000501	混合混合回し混合
UI_20150317_000502	{@st43}項目{/}
UI_20150317_000503	{@st43}や{/}
UI_20150317_000504	{@st43}対象{/}
UI_20150317_000505	{@st43}レベル{/}
UI_20150317_000506	{@st43}所持金{/}
UI_20150317_000507	{@st43}ランク{/}
UI_20150317_000508	{@st43} PvP勝率{/}
UI_20150317_000509	{@st59}ウィンドウを閉じます{/}
UI_20150317_000510	{@sti5}合計購入金額：%s {/}
UI_20150317_000511	{@sti5}合計金額：%s {/}
UI_20150317_000512	{@st41b}購入
UI_20150317_000513	{@st43}製作アイテムの材料獲得！
UI_20150317_000514	{@st43}ママグナムオーパス{/}
UI_20150317_000515	{@st41}すべて削除
UI_20150317_000516	{@st42}年金対象{@stx1}（%s程度）{/}
UI_20150317_000517	{@st41}の組み合わせ
UI_20150317_000518	{@st43}クエスト{/}
UI_20150317_000519	{@st59b}クエスト{nl} {@st59s} - クエスト獲得時クエストアラートに登録{nl} - メインクエストは黄色、サブクエストは青色{nl} - キャラクターの足の下の矢印でクエストの場所を表示{nl } - クエスト完了時、クエストアラートに戻るアイコンを表示{nl}（バックスペースやマウスクリックで完了NPCに瞬間移動）{nl} - クエストアラートに登録/解除時クエスト名の前にチェックを選択{/}
UI_20150317_000520	{@st41b}進行{/}
UI_20150317_000521	{@st41b}放棄{/}
UI_20150317_000522	{@st43} {s22}クエスト情報{/}
UI_20150317_000523	任務完了
UI_20150317_000524	{@st41}完了{/}
UI_20150317_000525	ミッション進行情報
UI_20150317_000526	{s18} {ol}クエスト情報
UI_20150317_000527	{s16}残り時間
UI_20150317_000528	クエストアイテムの使用
UI_20150317_000529	クエストのヒント
UI_20150317_000530	{@st41}確認{/}
UI_20150317_000531	{@st43} {s22}クエスト完了{/}
UI_20150317_000532	{@st41b}完了{/}
UI_20150317_000533	{@st41}受け入れ{/}
UI_20150317_000534	{@st41}拒絶{/}
UI_20150317_000535	{@st44}戻る{/}
UI_20150317_000536	いくつかのクエストに戻りますか？
UI_20150317_000537	{@st41b}クエストクラス名{/}
UI_20150317_000538	{@st59}スロットを展開します{/}
UI_20150317_000539	{@st59}スロットを縮小します{/}
UI_20150317_000540	{@st59}コンパニオンを召喚します。{/}
UI_20150317_000541	{@st44}メニュー{/}
UI_20150317_000542	{@st60}キャラクター選択{/}
UI_20150317_000543	{@st60}ログアウト{/}
UI_20150317_000544	{@st60}ゲーム終了{/}
UI_20150317_000545	{@st60}ゲーム設定{/}
UI_20150317_000546	{@st60}戻る{/}
UI_20150317_000547	{@st41}チュートリアルをスキップ{/}
UI_20150317_000548	{@st41}キャラクター選択{/}
UI_20150317_000549	{@st41}ログアウト{/}
UI_20150317_000550	{@st41}ゲーム終了{/}
UI_20150317_000551	{@st41}戻る{/}
UI_20150317_000552	{@st43} {s22}レイド招集！
UI_20150317_000553	{@st41b}郊外の城にモンスターが集まっています。あなただけが問題を解決することができます。
UI_20150317_000554	{@st43} {s22}ゲーム設定{/}
UI_20150317_000555	{@sti7}レイ​​ドパーティー検索中.. {/}
UI_20150317_000556	{@st41b}参加キャンセル
UI_20150317_000557	{@st41b}私解決みましょう！
UI_20150317_000558	{@st41b}私は大変だと思う...
UI_20150317_000559	{@sti7} {s24}レイド補償選択{/}
UI_20150317_000560	{@st42b}残り時間{@st43}%s {@st42b}秒{/}
UI_20150317_000561	{@st41b}選択回数を増やす
UI_20150317_000562	{@​​43b} {s22}選択可能回数：{@st43}%s {/}
UI_20150317_000563	shadow_box暫定削除
UI_20150317_000564	{@st43}ランキング{/}
UI_20150317_000565	{@st59}ランキングのウィンドウを閉じます{/}
UI_20150317_000566	{@st41}モンスターキルTop 100 {/}
UI_20150317_000567	{@st41}ダメージTop 100 {/}
UI_20150317_000568	{@st41}マネーマネーTop 100 {/}
UI_20150317_000569	{@st41}レベルアップTop 100 {/}
UI_20150317_000570	{@st41b}メニュー{/}
UI_20150317_000571	{@st43} {s22}アイテム強化{/}
UI_20150317_000572	{@st41b}対象アイテム
UI_20150317_000573	{@st41b}アンビル
UI_20150317_000574	{@st41} {s20}アンビル打撃回数：{@st43}%s
UI_20150317_000575	{@st41} {s20}強化価格：%s
UI_20150317_000576	{@st41b}強化開始{/}
UI_20150317_000577	{@st59}アイテム強化を開始します。{/}
UI_20150317_000578	{@st59}強化を閉じます{/}
UI_20150317_000579	{@st41b}選択された{@sti9}%s個{/}アイテムに強化しますか？{/}
UI_20150317_000580	{@st43}強化
UI_20150317_000581	{@st44}アイテム強化{/}
UI_20150317_000582	{s24} {b} {#000000}強化完了！
UI_20150317_000583	{@st41}再強化{/}
UI_20150317_000584	{@st41}を閉じる{/}
UI_20150317_000585	{s18} {ol} {gr gradation1}機器の修理{/}
UI_20150317_000586	着用装備
UI_20150317_000587	所持機器
UI_20150317_000588	{gr gradation1}全体の選択{/}
UI_20150317_000589	すべて選択
UI_20150317_000590	{gr gradation1}修理{/}
UI_20150317_000591	{@st43}修理{/}
UI_20150317_000592	修理が必要なアイテムのリスト
UI_20150317_000593	{@st41b}修理費用{/}
UI_20150317_000594	{@st41b}予想残高{/}
UI_20150317_000595	{@st41b}機器の修理{/}
UI_20150317_000596	選択された機器を修理します。
UI_20150317_000597	{@st59}アイテム整備を閉じます{/}
UI_20150317_000598	{@st43}アイテム整備{/}
UI_20150317_000599	{@st41}整備が必要なアイテムのリスト{/}
UI_20150317_000600	{@st44}アイテム整備{/}
UI_20150317_000601	{@st42}整備{/}
UI_20150317_000602	{@st59}現在の内容に整備します。{/}
UI_20150317_000603	{@st59}整備していません。{/}
UI_20150317_000604	{@st44}再起動{/}
UI_20150317_000605	{@st41b}あなたは{/} {s20} {#cc6600} {ol}戦闘不能{/} {@st41b}状態になりました！{/}
UI_20150317_000606	{@st41b}近い復活地点で再びする{/}
UI_20150317_000607	{@st41b}所定の位置に戻ってする（NXP%s個必要）{/}
UI_20150317_000608	{@st41b}フィールドに復帰する{/}
UI_20150317_000609	{@st41b}クエスト放棄した後再起動する{/}
UI_20150317_000610	{@st41b}再挑戦{/}
UI_20150317_000611	復活の聖域（70031）
UI_20150317_000612	アイテムが必要になります。
UI_20150317_000613	休憩クイックスロット
UI_20150317_000614	{@st43}吹き出し{/}
UI_20150317_000615	一時的な名前
UI_20150317_000616	{@st41b} {s18}インベントリスペース不足
UI_20150317_000617	インベントリがいっぱいのアイテムを獲得することができません。{nl}インベントリを整理してください。
UI_20150317_000618	{@st44}セットアイテム獲得！{/}
UI_20150317_000619	アイテムを選択してください
UI_20150317_000620	{@st59b}店{nl} {@st59s} - アイテムを大量に購入するには、マウスの右クリックし、本数を入力{nl} - アイテムを全量販売し、マウスのダブル右クリックで利用{/}
UI_20150317_000621	{@st59}店を閉じます{/}
UI_20150317_000622	{@st59}最初のページ{/}
UI_20150317_000623	{@st59}次のページ{/}
UI_20150317_000624	{@st59}最後のページ{/}
UI_20150317_000625	{@st41b}を空にする{/}
UI_20150317_000626	{@st59}カートを空にします{/}
UI_20150317_000627	{@st41b}精算{/}
UI_20150317_000628	{@st59}取引を決定します{/}
UI_20150317_000629	{@st43}店{/}
UI_20150317_000630	{@st41b}購入アイテム{/}
UI_20150317_000631	{@st41b}販売アイテム{/}
UI_20150317_000632	{@st41b}取引精算▶{/}
UI_20150317_000633	{@st41b}予想残高▶{/}
UI_20150317_000634	{@st41b}私販売したアイテム{/}
UI_20150317_000635	{@st41}スロットを空にする{/}
UI_20150317_000636	{@st43}精算{/}
UI_20150317_000637	{@st41}取引精算{/}
UI_20150317_000638	{@st41}予想残高{/}
UI_20150317_000639	{@st41}購入アイテム{/}
UI_20150317_000640	{@sti1c}シモニー
UI_20150317_000641	{@st41}製作スキル
UI_20150317_000642	{@st42}レベル%s {/}
UI_20150317_000643	製作費用
UI_20150317_000644	製作本数
UI_20150317_000645	約%s秒かかる
UI_20150317_000646	{@st41}作成
UI_20150317_000647	{@st43}クラスのスキルと特性{/}
UI_20150317_000648	{@st59}クラスとスキルを閉じます{/}
UI_20150317_000649	{@st59b}クラス{nl} {@st59s} - クラスのサークルを成長させて、そのクラスのスキルを習得{nl} - 1次職業で2次職業に転職する場合、3つのクラスを選択可能{nl} - 同じ職業的に計3回まで転職可能{nl} - 他の職業に転職時前の仕事は、元不可{nl} - スキルポイントの両方の消費時の元可能{nl} - 同じクラスも選択可能{nl} {@st59b}スキル{nl} {@st59s} - 各ランク別スキルは最大5レベルの増加が可能{nl} - マスターに学んだの特性は、スキルの下部で確認可能{/}
UI_20150317_000650	{@st41b}適用{/}
UI_20150317_000651	{@st59}スキルポイントを適用します{/}
UI_20150317_000652	キュレリック
UI_20150317_000653	{@st59}ポイント配分をオフにします{/}
UI_20150317_000654	{#ff4400}%s（%sレベル）{/}学習中。
UI_20150317_000655	サイコて勝
UI_20150317_000656	%s残り分
UI_20150317_000657	{@st43}ポーズ{/}
UI_20150317_000658	{@st59}ポーズを閉じます{/}
UI_20150317_000659	{@st41}掲示板{/}
UI_20150317_000660	{@st41}取引{/}
UI_20150317_000661	{@st41}社会機能{/}
UI_20150317_000662	{@st41b}書き込み{/}
UI_20150317_000663	{@st41}登録{/}
UI_20150317_000664	{@st59}文を登録します{/}
UI_20150317_000665	{@st41}マイページの開始{/}
UI_20150317_000666	{@st59}マイページを外部に公開します{/}
UI_20150317_000667	{@st59}安否を登録します{/}
UI_20150317_000668	{@st41b} 1。メニュー{/}
UI_20150317_000669	{@st41}訪問{/}
UI_20150317_000670	{@st59}マイページを訪問し{/}
UI_20150317_000671	{@st41}販売{/}
UI_20150317_000672	{@st59}アイテムを販売し{/}
UI_20150317_000673	{@st43}生活{/}
UI_20150317_000674	{@st59}生活を閉じます{/}
UI_20150317_000675	{@st41}すべて表示{/}
UI_20150317_000676	{@st41}マップの作成{/}
UI_20150317_000677	{@st41}%s /分（%s保有）{/}
UI_20150317_000678	キーボードウォリアー
UI_20150317_000679	{@st42}%s {/} {@st42_yellow}レベル{/}
UI_20150317_000680	{@st41_yellow}雇用時間
UI_20150317_000681	{@st43}グラフィティ{/}
UI_20150317_000682	{@st59}スプレーを閉じます{/}
UI_20150317_000683	{@st41b} Tip：下のフレーム内に画像を描画します。{/}
UI_20150317_000684	{@st41b}色{/}
UI_20150317_000685	{@st41b}数量{/}
UI_20150317_000686	{@st41b}ブラシ{/}
UI_20150317_000687	{@st43}描画{/}
UI_20150317_000688	{@st59}完成した絵を床に描画します。{/}
UI_20150317_000689	{@st41b} {a SAVE_EDIT_SPRAY}保存{/} {/}
UI_20150317_000690	{@st59}描いている絵を保存します。{/}
UI_20150317_000691	{@st41b} {a LOAD_EDIT_SPRAY}インポート{/} {/}
UI_20150317_000692	{@st59}描いた絵をもたらします。{/}
UI_20150317_000693	{@st59}選択した色1 {/}
UI_20150317_000694	{@st59}選択した色2​​ {/}
UI_20150317_000695	{@st59}色のリスト{/}
UI_20150317_000696	{@st59}選択されたブラシ{/}
UI_20150317_000697	{@st59}ブラシ1 {/}
UI_20150317_000698	{@st59}ブラシ2 {/}
UI_20150317_000699	{@st59}ブラシ3 {/}
UI_20150317_000700	{@st59}ブラシ4 {/}
UI_20150317_000701	{@st59}ブラシ5 {/}
UI_20150317_000702	{@st59}ブラシ6 {/}
UI_20150317_000703	{@st49}好きな人{/}
UI_20150317_000704	{s20} {#050505}何といっても説明
UI_20150317_000705	{@st41}全体{/}
UI_20150317_000706	{@st41}パーティー{/}
UI_20150317_000707	{@st41}モンスター{/}
UI_20150317_000708	{@st41b} {#f0dcaa}残りステータスポイント▶{@st46}%s
UI_20150317_000709	{@st59b}内の情報{nl} {@st59s} - ステータス：レベルアップで得られたポイントを使用して5つの能力強化{nl} - 情報：アイテムとステータス能力値に応じたキャラクターの能力値情報{nl} - 称号：業績を完了したときに習得可能な称号{nl} {/}
UI_20150317_000710	{@st41b}情報{/}
UI_20150317_000711	{@st41b}称号{/}
UI_20150317_000712	職業出力
UI_20150317_000713	キャラクターの名前出力
UI_20150317_000714	{@st59}キャラクターの名前を変更します{/}
UI_20150317_000715	{@st41b}適用
UI_20150317_000716	{@st59}ステータス分配を適用します{/}
UI_20150317_000717	{@st41b}キャンセル
UI_20150317_000718	{@st59}ステータス分配をオフにします{/}
UI_20150317_000719	PCの名前
UI_20150317_000720	{@st41_yellow}レベル：{@st41}%s {/}
UI_20150317_000721	{@st41_yellow}傭兵スキル
UI_20150317_000722	{@st43}攻撃効果{/}
UI_20150317_000723	{@st43}防御効果{/}
UI_20150317_000724	{@st43}ステータス{/}
UI_20150317_000725	systemmenu_vertical暫定削除
UI_20150317_000726	{@st59}キャラクター情報（F1）{/}
UI_20150317_000727	{@st59}インベントリ（F2）{/}
UI_20150317_000728	{@st59}クラスとスキル（F3）{/}
UI_20150317_000729	{@st59}冒険日誌（F4）{/}
UI_20150317_000730	{@st59}クエスト（F5）{/}
UI_20150317_000731	{@st59}パーティー（F6）{/}
UI_20150317_000732	{@st59}友達（F7）{/}
UI_20150317_000733	{@st59}マクロ（F8）{/}
UI_20150317_000734	{@st59}コンパニオン（F9）{/}
UI_20150317_000735	{@st59}ヘルプ（F10）{/}
UI_20150317_000736	{@st59}システムメニュー（Esc）{/}
UI_20150317_000737	{@st59}ネクロノミコン{/}
UI_20150317_000738	ヘルプ（F1）
UI_20150317_000739	内容
UI_20150317_000740	詳細を見る
UI_20150317_000741	{@st43}ゲーム設定{/}
UI_20150317_000742	{@st43}ゲーム{/}
UI_20150317_000743	{@st41b}経験値獲得量表記{/}
UI_20150317_000744	{@st41b}キャラクター名を表示{/}
UI_20150317_000745	{@st41b}チーム名のみが表示{/}
UI_20150317_000746	{@st41b}クエストガイド表示{/}
UI_20150317_000747	{@st43}画面{/}
UI_20150317_000748	{@st43}グラフィック{/}
UI_20150317_000749	{@st41b}フルスクリーン{/}
UI_20150317_000750	{@st41b}ウィンドウモード{/}
UI_20150317_000751	{@st43}サウンド{/}
UI_20150317_000752	{@st41b}音響効果サイズ（%s）{/}
UI_20150317_000753	{@st41b}音楽サイズ（%s）{/}
UI_20150317_000754	{@st41b}サウンド全体のサイズ（%s）{/}
UI_20150317_000755	{@st43}言語を選択{/}
UI_20150317_000756	{@st59}ゲームの設定画面を閉じます{/}
UI_20150317_000757	{@st41b}最低仕様モード{/}
UI_20150317_000758	{@st41b}表示{/}
UI_20150317_000759	{@st59}作成された人々{/}
UI_20150317_000760	ターゲットバフウィンドウ
UI_20150317_000761	{@st46} IMCさんの画像
UI_20150317_000762	{@st46}%sさんの画像
UI_20150317_000763	{@st46}良い
UI_20150317_000764	{@st46}申告
UI_20150317_000765	{@st46}保存剤を使用
UI_20150317_000766	{@st46}図の削除
UI_20150317_000767	スノーするレーション
UI_20150317_000768	花束
UI_20150317_000769	{@st41}ギフト
UI_20150317_000770	数を入力してください。
UI_20150317_000771	{@st53b}%s勝%s敗
UI_20150317_000772	{@st42}今日のスケジュール
UI_20150317_000773	{@st53}開始まで：
UI_20150317_000774	{@st53b}受け取った贈り物：%s個
UI_20150317_000775	{@st43b}%sさんにプレゼント{/}
UI_20150317_000776	{@st55_a}次の試合
UI_20150317_000777	{@st53} - 名前をクリックして観戦が可能{nl} - 右クリックでプレゼントが可能
UI_20150317_000778	カメラを私のキャラクターに
UI_20150317_000779	{@st55_a}優勝おめでとうございます！
UI_20150317_000780	{@st42}カメラ切り替え
UI_20150317_000781	{@st44}冒険日誌{/}
UI_20150317_000782	{@st59}の表示方法を変更します{/}
UI_20150317_000783	{@st41}統計{/}
UI_20150317_000784	{@st41}製造{/}
UI_20150317_000785	{@st41}狩り{/}
UI_20150317_000786	{@st41}ヘルプ{/}
UI_20150317_000787	{@st44} Wikiページ{/}
UI_20150317_000788	{@st42}情報{/}
UI_20150317_000789	{@st42}詳細{/}
UI_20150317_000790	{@st42}戦闘{/}
UI_20150317_000791	{@st42}獲得{/}
UI_20150317_000792	{@st59}ページを閉じます{/}
UI_20150317_000793	{@st43}バトルフィールド
UI_20150317_000794	{@st59}バトルフィールドを閉じます。
UI_20150317_000795	（ブロンズ3）
UI_20150317_000796	{@sti8}今日の獲得可能スコア：{nl}%s {/}
UI_20150317_000797	{@st41}ポイントショップ
UI_20150317_000798	{@st41}ランキング
UI_20150317_000799	{@st42}バトルフィールド一定
UI_20150317_000800	{@st42}最近は完全に
UI_20150317_000801	{@st41}経験値取得
UI_20150317_000802	{@st41} PVPページ
UI_20150317_000803	{@st41}検索
UI_20150317_000804	{@st43}バトルフィールドランキング
UI_20150317_000805	{@st59}バトルフィールドランキングを閉じます。
UI_20150317_000806	{@st56}スキル名{/}
UI_20150317_000807	{@st41}座標確認{/}
UI_20150317_000808	{@st41}行き方{/}
UI_20150317_000809	{@st42b}門前管理{/}
UI_20150317_000810	{@st42b}モンスターリスト{/}
UI_20150317_000811	{@st42b} UI制作{/}
UI_20150317_000812	{@st42b}マップフォグ{/}
UI_20150317_000813	{@st42b}マップ製作{/}
UI_20150317_000814	{@st42b}ミニマップ製作{/}
UI_20150317_000815	{@st42b}ダイアログ{/}
UI_20150317_000816	{@st42b}クエスト報酬修正{/}
UI_20150317_000817	{@st42b}グループジェン{/}
UI_20150317_000818	{@st42b}マップの場所を指定{/}
UI_20150317_000819	{@st42b}スキルマップ{/}
UI_20150317_000820	{@st42b}イベントのリスト{/}
UI_20150317_000821	{@st42b}座標確認{/}
UI_20150317_000822	{@st42b} XAC、テクスチャパスを確認{/}
UI_20150317_000823	{@st42b}パフォーマンスONOFF {/}
UI_20150317_000824	代謝リスト
UI_20150317_000825	検索。
UI_20150317_000826	{@st41}プレビュー{/}
UI_20150317_000827	{@st41}オフ{/}
UI_20150317_000828	{@st41}削除{/}
UI_20150317_000829	{@st41}すべて保存{/}
UI_20150317_000830	{@st41}図に適用{/}
UI_20150317_000831	{#FFFFFF} {ds}イベントを選択
UI_20150317_000832	{#FFFFFF} {ds}イベントの編集
UI_20150317_000833	{ol}リスト
UI_20150317_000834	保存グループの名前
UI_20150317_000835	{@st42}新規{/}
UI_20150317_000836	{@st41}グループジェン{/}
UI_20150317_000837	{@st59}検索するモンスターの名前を入力します{/}
UI_20150317_000838	{@st59}保存グループの名前を入力します{/}
UI_20150317_000839	{@st41}新しいグループ{/}
UI_20150317_000840	フィルタリング
UI_20150317_000841	{@st59}フィルタを入力します{/}
UI_20150317_000842	{ol}プロパティ値
UI_20150317_000843	クラスリスト
UI_20150317_000844	XMLに適用
UI_20150317_000845	{#FFFFFF} {ds}ログ
UI_20150317_000846	{#FFFFFF} {ds}すべてのプロパティを表示する
UI_20150317_000847	検索用語を入力します。
UI_20150317_000848	すべての属性の値
UI_20150317_000849	{ol}名前
UI_20150317_000850	{ol}の値
UI_20150317_000851	ログ
UI_20150317_000852	{ol}リビジョン
UI_20150317_000853	{ol}ログ
UI_20150317_000854	クラスリスト
UI_20150317_000855	XML変換
UI_20150317_000856	{ol}クラス名
UI_20150317_000857	{ol}プロパティ名
UI_20150317_000858	{ol}変更値
UI_20150317_000859	{ol}反映
UI_20150317_000860	フォルダを開く
UI_20150317_000861	全体チェック
UI_20150317_000862	履歴
UI_20150317_000863	値ロールバック
UI_20150317_000864	{ol}アイテムを選択
UI_20150317_000865	検索する名前を入力します。
UI_20150317_000866	{@st42}確認{/}
UI_20150317_000867	{@st41} UI制作{/}
UI_20150317_000868	{ol}フレーム
UI_20150317_000869	{@st41}フレーム{/}
UI_20150317_000870	{@st41}ボタン{/}
UI_20150317_000871	{@st41}テキスト{/}
UI_20150317_000872	{@st42b}一般{img btn_close}
UI_20150317_000873	{@st42b}オークション{img btn_close}
UI_20150317_000874	{@st41}マップの場所を指定{/}
UI_20150317_000875	{@st41}の名前の変更{/}
UI_20150317_000876	{@st59}フィルタリングする内容を入力します{/}
UI_20150317_000877	{@st41}作成{/}
UI_20150317_000878	{@st56} XML保存{/}
UI_20150317_000879	{@st56}の初期化{/}
UI_20150317_000880	{@st56}属性{/}
UI_20150317_000881	{@st56}の値{/}
UI_20150317_000882	{@st42}の内容{/}
UI_20150317_000883	{@st41}戻す{/}
UI_20150317_000884	{@st41}すべて保存{/}
UI_20150317_000885	{@st41} XMLを展開される{/}
UI_20150317_000886	{@st42b}固定スキル：0 {/}
UI_20150317_000887	{@st42b}固定スキル：%s {/}
UI_20150317_000888	{@st42b}マウスホーミング{/}
UI_20150317_000889	{@st42b}スキル名{/}
UI_20150317_000890	{@st41}モンスターリスト{/}
UI_20150317_000891	{@st41}パフォーマンスマネージャ{/}
UI_20150317_000892	{ol}クエスト選択
UI_20150317_000893	検索するクエストの名前を入力します。
UI_20150317_000894	{ol}マップの選択
UI_20150317_000895	検索するマップの名前を入力します。
UI_20150317_000896	{@st42}現在のマップ{/}
UI_20150317_000897	{ol}マップの名前
UI_20150317_000898	{ol}座標
UI_20150317_000899	{@st41}クエスト報酬修正{/}
UI_20150317_000900	{@st59}検索するクエストを入力します{/}
UI_20150317_000901	{@st59}検索するアイテムを入力します{/}
UI_20150317_000902	{@st42}経験値
UI_20150317_000903	{ol}基本報酬
UI_20150317_000904	{ol}本数
UI_20150317_000905	{ol}追加報酬
UI_20150317_000906	{@st45}頻繁に使用チート
UI_20150317_000907	{@st41}スキルマップ{/}
UI_20150317_000908	{@st42}アビリティ{/}
UI_20150317_000909	{@st42}戦士{/}
UI_20150317_000910	{@st42}ウィザード{/}
UI_20150317_000911	{@st42}射手{/}
UI_20150317_000912	{@st42}モンク{/}
UI_20150317_000913	{@st42}ソーサラー{/}
UI_20150317_000914	{@st41}スキル半{/}
UI_20150317_000915	{@st59} xmlロード{/}
UI_20150317_000916	{@st41}インポート{/}
UI_20150317_000917	{@st59} xmlとして保存{/}
UI_20150317_000918	{@st59}開いているスキルマ​​ップのリセット{/}
UI_20150317_000919	{@st41}リセット{/}
UI_20150317_000920	{@st59}すべてのスキルマップのリセット{/}
UI_20150317_000921	{@st41}すべてリセット{/}
UI_20150317_000922	{s18}解除スクリプト
UI_20150317_000923	{s18}文字列引数
UI_20150317_000924	{s18}数字1引数
UI_20150317_000925	{s18}数字2引数
UI_20150317_000926	{s18}スキルレベルアップ
UI_20150317_000927	{@st59}解除スクリプト入力ウィンドウ{/}
UI_20150317_000928	{@st59}解除スクリプト引数{/}
UI_20150317_000929	{@st59}スキル最大レベル{/}
UI_20150317_000930	{@st59}プロパティの保存{/}
UI_20150317_000931	{@st41}プロパティの保存{/}
UI_20150317_000932	{@st44} UIのリスト{/}
UI_20150317_000933	{ds}アドオンリスト
UI_20150317_000934	{ds}固定フレームのリスト
UI_20150317_000935	{@st42} UIのリスト{/}
UI_20150317_000936	{@st59} UIのリストを示しています{/}
UI_20150317_000937	{@st42}位置調節{/}
UI_20150317_000938	{@st59}位置調節{/}
UI_20150317_000939	{@st42}プロパティの編集{/}
UI_20150317_000940	{@st59}プロパティの編集{/}
UI_20150317_000941	{@st42}保存{/}
UI_20150317_000942	{@st59}保存{/}
UI_20150317_000943	{@st44} UIプロパティの編集{/}
UI_20150317_000944	{@st59}キャラクター選択{/}
UI_20150317_000945	{@st59}ログアウト{/}
UI_20150317_000946	{@st59}ゲーム設定{/}
UI_20150317_000947	{@st59}ゲーム終了{/}
UI_20150317_000948	{@st43}宿泊施設設定{/}
UI_20150317_000949	{@st59}宿泊施設の設定を終了します{/}
UI_20150317_000950	{@st42_b} {s18} {#f5c384}チーム名{/}
UI_20150317_000951	{@st59}希望するチームの名前を入力してください{/}
UI_20150317_000952	{@st59}チーム名を保存します{/}
UI_20150317_000953	systemmenu_vertical暫定削除
UI_20150317_000954	{@st59}バラック飾るを閉じます{/}
UI_20150317_000955	{@st43}バラック飾る{/}
UI_20150317_000956	{@st41b}テーマ{/}
UI_20150317_000957	{@st41b}物品配置{/}
UI_20150317_000958	{@st41b}名前
UI_20150317_000959	{@st41b}価格
UI_20150317_000960	{@st41b}状態
UI_20150317_000961	{@st44}新しいキャラクター{/}
UI_20150317_000962	{@st41b} {s22}の生成を目的のクラスを選択してください{/}
UI_20150317_000963	{@st41b}生成キャンセル{/}
UI_20150317_000964	{@st59}キャラクター生成をオフにし{/}
UI_20150317_000965	キャラクター選択
UI_20150317_000966	{@st41}キャラクター{/}
UI_20150317_000967	{@st59}右に回転{/}
UI_20150317_000968	{@st59}左に回転{/}
UI_20150317_000969	{@st43b}キャラクター回転{/}
UI_20150317_000970	{@st43}キャラクターの名前{/}
UI_20150317_000971	{@st59}の名前を入力します{/}
UI_20150317_000972	{@st43b}性別選択{/}
UI_20150317_000973	{@st59}女性{/}
UI_20150317_000974	{@st59}男性{/}
UI_20150317_000975	{@st43b}ヘア選択{/}
UI_20150317_000976	{@st59}ヘア1 {/}
UI_20150317_000977	{@st59}ヘア2 {/}
UI_20150317_000978	{@st59}ヘア3 {/}
UI_20150317_000979	{@st59}ヘア4 {/}
UI_20150317_000980	{@st59}ヘア5 {/}
UI_20150317_000981	{@st59}ヘア6 {/}
UI_20150317_000982	{@st59}ヘア7 {/}
UI_20150317_000983	{@st59}ヘア8 {/}
UI_20150317_000984	{@st59}ヘア9 {/}
UI_20150317_000985	{@st59}ヘア10 {/}
UI_20150317_000986	{@st43b}クラスの選択{/}
UI_20150317_000987	{@st59}ソードマン{/}
UI_20150317_000988	{@st59}ウィザード{/}
UI_20150317_000989	{@st59}アーチャー{/}
UI_20150317_000990	{@st59}クレリック{/}
UI_20150317_000991	{@st41b}バラック訪問{/}
UI_20150317_000992	{@st59}他のバラックを訪問します。{/}
UI_20150317_000993	{@st41b}ログアウト{/}
UI_20150317_000994	{@st59}ログイン画面に移動します{/}
UI_20150317_000995	{@st41b}ゲーム終了{/}
UI_20150317_000996	{@st59}ゲームを終了します{/}
UI_20150317_000997	{@st41b}ゲームを開始するチャンネルを選択してください{/}
UI_20150317_000998	{@st43}ゲーム開始{/}
UI_20150317_000999	{@st59}選択されたキャラクターでゲームを開始します{/}
UI_20150317_001000	{@st43} {s26}チーム名{/}
UI_20150317_001001	{@st59}チーム名{/}
UI_20150317_001002	{@st41b}チーム名の変更{/}
UI_20150317_001003	{@st59}チーム名を変更します{/}
UI_20150317_001004	{@st41}コンパニオン{/}
UI_20150317_001005	チャットドラッグ
UI_20150317_001006	{@st44}新しいダイアログ名{/}
UI_20150317_001007	{@st42}変更{/}
UI_20150317_001008	{@st44}新しいウィンドウ名{/}
UI_20150317_001009	{@st43} {s40} {gr gradation4}キャラクターを作成{/}
UI_20150317_001010	{@st59}キャラクターを生成します{/}
UI_20150317_001011	{@st59}の作成をキャンセルします{/}
UI_20150317_001012	{@st59}チーム名の入力を終了します{/}
UI_20150317_001013	{@st59}入力した名前でチームを作成し{/}
UI_20150317_001014	{@st43} {s30} {#f0dcaa}チーム名を入力！
UI_20150317_001015	{@st41b}チーム名はすべての文字を表す名前です。{nl}自由に変えることができるチーム名は取引、ギルド加入、会話などに使用される共通名です。{/}
UI_20150317_001016	ローディング背景
UI_20150317_001017	ヒント
UI_20150317_001018	ゲームのヒント
UI_20150317_001019	ログイン
UI_20150317_001020	アカウント
UI_20150317_001021	{@st59}アカウントを入力してください{/}
UI_20150317_001022	パスワード
UI_20150317_001023	{@st59}パスワードを入力してください{/}
UI_20150317_001024	{@st43}ゲーム接続{/}
UI_20150317_001025	{@st59}選択したサーバーに接続します{/}
UI_20150317_001026	{@st41b}リプレイ{/}
UI_20150317_001027	{@st41b}シングルモード{/}
UI_20150317_001028	{@st41b}ゲーム終了{/}
UI_20150317_001029	保存
UI_20150317_001030	{@st59}チェックすると、アカウントを保存します{/}
UI_20150317_001031	サーバーのリスト
UI_20150317_001032	{@st59}接続を目的のサーバーを選択してください{/}
UI_20150317_001033	ログインタイトル
UI_20150317_001034	[クローズベータテスト版]
UI_20150317_001035	オプション
UI_20150317_001036	視野距離
UI_20150317_001037	{s20} {#BBBBBB}視野距離
UI_20150317_001038	視野距離：
UI_20150317_001039	キャラクター：
UI_20150317_001040	背景オブジェクト：
UI_20150317_001041	地形 - フル（%）：
UI_20150317_001042	地形 - ツリー（%）：
UI_20150317_001043	地形 - オブジェクト（%）：
UI_20150317_001044	シャドウ
UI_20150317_001045	{s20} {#BBBBBB}シャドウマップ
UI_20150317_001046	シャドウマップの使用
UI_20150317_001047	シャドウの品質：
UI_20150317_001048	SSAO使用
UI_20150317_001049	SSAO方式：
UI_20150317_001050	SSAO解像度：
UI_20150317_001051	水の反射
UI_20150317_001052	{s20} {#BBBBBB}水の反射
UI_20150317_001053	キャラクター水の反射
UI_20150317_001054	背景水の反射
UI_20150317_001055	{s20} {#BBBBBB} Glow設定
UI_20150317_001056	Glow使用
UI_20150317_001057	{@st41}攻撃力{/}
UI_20150317_001058	{@st41}防御力{/}
UI_20150317_001059	{@st41}補助{/}
UI_20150317_001060	{@st41}難易度{/}
UI_20150317_001061	{@st41}ヘ語
UI_20150317_001062	{@st41}回前
UI_20150317_001063	{@st43}キャラクターを作成
UI_20150317_001064	{@st59}の設定でキャラクターを作成します{/}
UI_20150317_001065	{@st41b}の選択を解除
UI_20150317_001066	{@st59}キャラクター選択を解除します{/}
UI_20150317_001067	キャラクター情報
UI_20150317_001068	{@st41}とする
UI_20150317_001069	{@st59}クリックしてキャラクターを選択すると、コンパニオンがついてまわり{/}
UI_20150317_001070	アイテムの作成UI
UI_20150317_001071	{s24}名前：
UI_20150317_001072	{s16}力：
UI_20150317_001073	{s16}体力：
UI_20150317_001074	{s16}敏捷：
UI_20150317_001075	{s16}気力：
UI_20150317_001076	{s16}導力：
UI_20150317_001077	{s18}職業選択
UI_20150317_001078	{s18}程度連盟
UI_20150317_001079	{s18}人マギョ
UI_20150317_001080	ホン無文
UI_20150317_001081	大道千
UI_20150317_001082	枠線も
UI_20150317_001083	用ファグク禅
UI_20150317_001084	穿刺性
UI_20150317_001085	蓮花橋
UI_20150317_001086	{s16}性別と外見
UI_20150317_001087	南
UI_20150317_001088	以上
UI_20150317_001089	毛の調節
UI_20150317_001090	キーの調整
UI_20150317_001091	肩幅
UI_20150317_001092	手、足のサイズ
UI_20150317_001093	バストサイズ
UI_20150317_001094	ウエストサイズ
UI_20150317_001095	骨盤サイズ
UI_20150317_001096	{s18}頭のサイズ
UI_20150317_001097	{s14}キー調節
UI_20150317_001098	{s14}肩幅
UI_20150317_001099	{s14}手、足のサイズ
UI_20150317_001100	{s14}バストサイズ
UI_20150317_001101	{s14}ウエストサイズ
UI_20150317_001102	{s14}骨盤サイズ
UI_20150317_001103	あらかじめ設定値
UI_20150317_001104	任意設定値
UI_20150317_001105	新規人物の作成
UI_20150317_001106	人物を作成キャンセル
UI_20150317_001107	{@st43} {s40} {gr gradation4}ゲーム開始{/}
UI_20150317_001108	{@st43} {s40} {gr gradation4}プレビュー終了{/}
UI_20150317_001109	{@st43} {s40} {gr gradation4}ゾーンに戻る{/}
UI_20150317_001110	{@st59}再びゾーンに入ります。{/}
UI_20150317_001111	{@st41b}戻る{/}
UI_20150317_001112	{@st59}私のバラックに戻ります。{/}
UI_20150317_001113	{@st43} {s24}バラック名{/}
UI_20150317_001114	{@st59}バラック名{/}
UI_20150317_001115	{@st41b}飾る{/}
UI_20150317_001116	{@st59}バラック飾る{/}
UI_20150317_001117	{@st41b}設定{/}
UI_20150317_001118	{@st59}バラック設定{/}
UI_20150317_001119	カスタマイズアイテムフレーム
UI_20150317_001120	緑
UI_20150317_001121	密度
UI_20150317_001122	体力とか
UI_20150317_001123	{@st59}ヘアアクセサリー{/}
UI_20150317_001124	{@st59}補助アクセサリー{/}
UI_20150317_001125	{@st42}テキスト{/}
UI_20150317_001126	既定のコンテンツの名前
UI_20150317_001127	デフォルトのグループ名
UI_20150317_001128	基本アイテムの名前
UI_20150317_001129	ギムピョンジク
UI_20150317_001130	重量：%s
UI_20150317_001131	ビョルビョル稲リョビョル
UI_20150317_001132	%s種族
UI_20150317_001133	ピョリェスチョ（シンミュルヒョン）
UI_20150317_001134	取引不可
UI_20150317_001135	強化不可
UI_20150317_001136	ビョルビョルビョルビョル
UI_20150317_001137	システム名
UI_20150317_001138	このシステムを着用すればどうのとか
UI_20150317_001139	レベル数以上
UI_20150317_001140	誰かは装着可能
UI_20150317_001141	最大ソケト%s個
UI_20150317_001142	アイテムイリュム
UI_20150317_001143	店の販売価格：%sシルバー
UI_20150317_001144	いくら
UI_20150317_001145	{@st42b}シャウルレイ全体探査率{/}
UI_20150317_001146	{@st42b}西の森探査率{/}
UI_20150317_001147	{@st18}アイテム{/}
UI_20150317_001148	{@st18}内のランキング{/}
UI_20150317_001149	ダイヤ
UI_20150317_001150	体力プラスグチョン
UI_20150317_001151	{@st18}平均{/}
UI_20150317_001152	{@st42b} {s18}熟練度{/}
UI_20150317_001153	{@st55_c​​}アイテムの名前
UI_20150317_001154	{@st55_c​​}メモ記録
UI_20150317_001155	{@st59}の名前を入力します。入力しない場合、デフォルトの名前で製作されます。{/}
UI_20150317_001156	{@st59}メモを入力します{/}
UI_20150317_001157	{@st43}アイテム製作
UI_20150317_001158	{@st42b}%s点{/}
UI_20150317_001159	{@st42b}%s個{/}
UI_20150317_001160	{@st42b}%s点{/}
UI_20150317_001161	{@st42b}%s個{/}
UI_20150317_001162	{s16} {ol}個あたりの価格
UI_20150317_001163	合計価格：1
UI_20150317_001164	{@st41}ヘルプ
UI_20150317_001165	{@st41}写真の説明
UI_20150317_001166	{@st41}登録
UI_20150317_001167	{@st41}名
UI_20150317_001168	{@st41}メッセージ
UI_20150317_001169	{@st43}名{/}
UI_20150317_001170	{@st41b}メッセージ{/}
UI_20150317_001171	{@st42b}ログイン{/}
UI_20150317_001172	{@st41}新しいダイアログを作成し
UI_20150317_001173	{@st41}全体の会話
UI_20150317_001174	地域名
UI_20150317_001175	{@st41}スキル名
UI_20150317_001176	{@st41}属性ポイント
UI_20150317_001177	{@st41}クラス名
UI_20150317_001178	キャラクター名
UI_20150317_001179	{@sti7}削除{/}
UI_20150317_001180	キャラクターレベル
UI_20150317_001181	{@st42}クエスト共有{/}
UI_20150317_001182	{@st42}経験共有{/}
UI_20150317_001183	キャラクターノート
UI_20150317_001184	パーティー平均レベル：{#FFFF00}%s {/}
UI_20150317_001185	探しているパーティーメンバー：{#FFFF00}%s {/}
UI_20150317_001186	聖職者/射手
UI_20150317_001187	クエスト共有：{#FFFF00}%s {/}
UI_20150317_001188	さあ用
UI_20150317_001189	経験値分配ルール：{#FFFF00}%s {/}
UI_20150317_001190	ギュウンなど分配
UI_20150317_001191	アイテム分配ルール：{#FFFF00}%s {/}
UI_20150317_001192	下エンドムに分配
UI_20150317_001193	どうすれば私は
UI_20150317_001194	誰分からない
UI_20150317_001195	{@st41b}冒険日誌に登録されました。
UI_20150317_001196	クエスト用メニューオブジェクト
UI_20150317_001197	クエストのカテゴリー
UI_20150317_001198	クエストのリストオブジェクト
UI_20150317_001199	クエストのリストオブジェクト - ここまでは昔コイム
UI_20150317_001200	ロードマップで使用するライン
UI_20150317_001201	スロットオブジェクト_一般
UI_20150317_001202	スロットオブジェクト_キャッシュスロット
UI_20150317_001203	キャラクター詳細タイプ1
UI_20150317_001204	キャラクター詳細タイプ2
UI_20150317_001205	インベントリリストタイプ1
UI_20150317_001206	インベントリリストタイプ2
UI_20150317_001207	インベントリスロットタイプ
UI_20150317_001208	マーケットでアイテムを表示_ディテール
UI_20150317_001209	アイテム名出力
UI_20150317_001210	残りの数を出力
UI_20150317_001211	値を出力
UI_20150317_001212	カートに入れたとき
UI_20150317_001213	総合出力
UI_20150317_001214	アイテム出力用
UI_20150317_001215	単価出力
UI_20150317_001216	アイテムカテゴリー
UI_20150317_001217	新しいニュース
UI_20150317_001218	{@st42b}再起動{/}
UI_20150317_001219	ペルタンスタンダール
UI_20150317_001220	99サークル
UI_20150317_001221	ブーベ手に負えない8匹退治
UI_20150317_001222	ツールチップ
UI_20150317_001223	EXP：sad {br} +1エンチャントクリスタル（攻撃）
UI_20150317_001224	語プレンティスソード
UI_20150317_001225	修理耐久度：
UI_20150317_001226	修理費用：120シルバー
UI_20150317_001227	修理費用：%sシルバー
UI_20150317_001228	{@st42b}入札数{@sti7}%s {/}
UI_20150317_001229	{@st42b}現在{img icon_item_silver 20 20} {@st57}%s {/}
UI_20150317_001230	{@st41}今すぐ購入！ {img icon_item_silver 20 20} {@st57}%s {/}
UI_20150317_001231	{@st41b}アイテム受領{/}
UI_20150317_001232	{@st42b}入札金{img icon_item_silver 20 20} {@st57}%s {/}
UI_20150317_001233	{@sti7}戻り
UI_20150317_001234	{@st59}頭{/}
UI_20150317_001235	{@st59}左ブレスレット{/}
UI_20150317_001236	{@st59}上がったブレスレット{/}
UI_20150317_001237	{@st59}衣装{/}
UI_20150317_001238	{@st59}リング2 {/}
UI_20150317_001239	ペットの名前
UI_20150317_001240	チャンドラーバンドル
UI_20150317_001241	西の森など
UI_20150317_001242	NXP消費
UI_20150317_001243	カテゴリー名
UI_20150317_001244	ヘルプイプニダン
UI_20150317_001245	{@sti7}%s点{/}
UI_20150317_001246	{@st41b}%sスコア
UI_20150317_001247	クエストクリア25個
UI_20150317_001248	- [サブ]とげの森
UI_20150317_001249	{@st42}装着アイテム
UI_20150317_001250	{@st44}%sランククラス情報{/}
UI_20150317_001251	ミョトチャ転職情報
UI_20150317_001252	ハートとか
UI_20150317_001253	ショードゥミュン
UI_20150317_001254	%sレベル
UI_20150317_001255	メモ：{#666666}%s
UI_20150317_001256	綾瀬
UI_20150317_001257	%sさんとの関係バッジ
UI_20150317_001258	{#FFFF33}%s {/}さんがフレンドました{/}
UI_20150317_001259	{@st41b}受け入れる
UI_20150317_001260	{@st41b}拒絶
UI_20150317_001261	{@st53b}友達リストを読み込んでいます。
UI_20150317_001262	レベル%s {/}
UI_20150317_001263	{@st41}キャンセル
UI_20150317_001264	販売するバフを登録してください。
UI_20150317_001265	価格：%s {/}
UI_20150317_001266	残りの本数
UI_20150317_001267	{@st41}購入
UI_20150317_001268	残り本数：%s {/}
UI_20150317_001269	{@st41}アイテム{/}
UI_20150317_001270	{@st41b}メモ
UI_20150317_001271	{@st41b}製作
UI_20150317_001272	{@st41b}価格：%s {/}
UI_20150317_001273	{@sti5}価格：%s {/}
UI_20150317_001274	{@sti9}パーティーメンバーのクエスト（%s）{/}
UI_20150317_001275	{@st41_yellow}ナビゲーション率%s%{/}
UI_20150317_001276	{@st41_yellow}、獲得点数%s {/}
UI_20150317_001277	{@st42b} {b}達成率{/}
UI_20150317_001278	{@st59}パーティークエスト進行を受け入れます{/}
UI_20150317_001279	ウィンドウ
UI_20150317_001280	ステイズ
UI_20150317_001281	タブ
UI_20150317_001282	画像アイテム
UI_20150317_001283	エフェクト
UI_20150317_001284	コントロールセット
UI_20150317_001285	{@st41}難易度：%s
UI_20150317_001286	{@st42}残り時間：%s
UI_20150317_001287	{@st53}製造されているアイテム
UI_20150323_001288	{@st59}アイテムを掲載して{/}
UI_20150323_001289	{@st42}キャンセル
UI_20150323_001290	{@st42}確認
UI_20150323_001291	{@st43}ブリーケティング{/}
UI_20150323_001292	現在ポテンシャル
UI_20150323_001293	消費材
UI_20150323_001294	消費本数
UI_20150323_001295	保有本数
UI_20150323_001296	{@sti6}取引記録
UI_20150323_001297	{@st43}拠点
UI_20150323_001298	看板タイトル
UI_20150323_001299	{@st43}建設
UI_20150323_001300	{@stc1}拠点保持時間
UI_20150323_001301	{@stc1}効果
UI_20150323_001302	{@stc1}消費材料とコスト
UI_20150323_001303	{@st41b}拠点
UI_20150323_001304	{@st41b}ログ
UI_20150323_001305	{@st41b}時間更新
UI_20150323_001306	{@st59}保持時間を更新します{/}
UI_20150323_001307	{@st41b}拠点保持時間
UI_20150323_001308	{@st41b}効果
UI_20150323_001309	{@st42b}更新時24時間追加の拠点が維持され%sシルバーが消費されます。
UI_20150323_001310	{@st41b}個人倉庫
UI_20150323_001311	{@stc1}倉庫に物品を保管して検索する際に%sシルバーが消費されます。{/}
UI_20150323_001312	{@st41} {#ffff00}ターゲット固定{/}
UI_20150323_001313	{@st43}配食テーブル
UI_20150323_001314	{@st41b}食品の種類
UI_20150323_001315	{@st41b}テーブル
UI_20150323_001316	{@st59}配食テーブルを閉じます{/}
UI_20150323_001317	{@st43}グリモア{/}
UI_20150323_001318	{@st59}グリモアUIを閉じます{/}
UI_20150323_001319	私の召喚スキル
UI_20150323_001320	メインカード
UI_20150323_001321	ドーターカード
UI_20150323_001322	ステップ
UI_20150323_001323	コー​​ン
UI_20150323_001324	ポイント
UI_20150323_001325	デックス
UI_20150323_001326	クリー
UI_20150323_001327	{@st43}商店開設{/}
UI_20150323_001328	{@st41b}設定
UI_20150323_001329	本あたりの価格
UI_20150323_001330	{@st41b}材料リスト
UI_20150323_001331	{@st43}ジェム焙煎{/}
UI_20150323_001332	{@st59} UIを閉じます{/}
UI_20150323_001333	{@st41b}手入れ{/}
UI_20150323_001334	{@st41b}ログ{/}
UI_20150323_001335	受信価格
UI_20150323_001336	{@st59}ジェムを掲載して{/}
UI_20150323_001337	消費材
UI_20150323_001338	残りの本数
UI_20150323_001339	{@st42}閉店
UI_20150323_001340	{@st43}武器の手入れ{/}
UI_20150323_001341	{@st43}機器の手入れ{/}
UI_20150323_001342	{@st41b}受ける価格
UI_20150323_001343	{@st41b}消費材
UI_20150323_001344	{@st43}修理{/}
UI_20150323_001345	{@st41b}修理{/}
UI_20150323_001346	スキルレベル
UI_20150323_001347	{@st41}入場可能人数
UI_20150323_001348	{@st43}アイテム覚醒ダンジョン
UI_20150323_001349	{@st41}必要材料
UI_20150323_001350	{@st59}必要材料{/}
UI_20150323_001351	推奨レベル：%s
UI_20150323_001352	{@st43} UI選択モード{/}
UI_20150323_001353	{@st43}買取依頼店
UI_20150323_001354	店の名前
UI_20150323_001355	{@st41b}店を展開される
UI_20150323_001356	{@st59}買取依頼ストアを開始します{/}
UI_20150323_001357	{@st59}オフにします{/}
UI_20150323_001358	{@st59}買取依頼の店を閉じます{/}
UI_20150323_001359	買取依頼
UI_20150323_001360	{@st59}買取依頼の店を閉じます。
UI_20150323_001361	{@st59}買取依頼店{nl} - 私のものを銀に交換することができます。
UI_20150323_001362	{@st43}依頼者が希望するもの{/}
UI_20150323_001363	{@st43}販売しようとするもの
UI_20150323_001364	{@st43}総収入
UI_20150323_001365	{@st41}販売
UI_20150323_001366	{@st41}年金材料
UI_20150323_001367	{@st41}年金対象{@stx1}（%s程度）{/}
UI_20150323_001368	{@st59}ペットを召喚します。{/}
UI_20150323_001369	{@st41b}キャラクター設定{/}
UI_20150323_001370	{@st59}グリモア{/}
UI_20150323_001371	{@st41b}ブルーム適用{/}
UI_20150323_001372	{@st41b}非ネッティング適用{/}
UI_20150323_001373	{@st41b} FXAA適用{/}
UI_20150323_001374	{@st41b} GLOW適用{/}
UI_20150323_001375	{@st41b} Depth適用{/}
UI_20150323_001376	{@st41b} SoftParticle適用{/}
UI_20150323_001377	{@st43}個人倉庫{/}
UI_20150323_001378	{@st59}個人倉庫を閉じます。{/}
UI_20150323_001379	{@sti6}倉庫に物品を保管して検索する際に%sシルバーが消費されます。{/}
UI_20150323_001380	{@st59} Alt + Zで武器の切り替え{/}
UI_20150323_001381	{@st59}宿泊施設の設定を保存します{/}
UI_20150323_001382	宿泊施設の変更
UI_20150323_001383	{@st59}宿泊施設の変更]ウィンドウを閉じます。
UI_20150323_001384	{@st59}ソクソ変更{nl} - 宿泊施設を変更して、マップを変更し、人数を展開します。
UI_20150323_001385	{@st41}プレビューキャンセル
UI_20150323_001386	{@st46}私NXP：%s {/}
UI_20150323_001387	{@st41b}宿泊施設の変更{/}
UI_20150323_001388	{@st59}宿泊施設飾る{/}
UI_20150323_001389	{@st41b}宿泊施設設定{/}
UI_20150323_001390	{@st59}宿泊施設の設定を変更します{/}
UI_20150323_001391	{@st45ty}キャラクターのグリーティング{/}
UI_20150323_001392	{@st45ty}買取依頼店
UI_20150323_001393	{@st41b}変更
UI_20150323_001394	{@st59}キャラクターの挨拶を変更します{/}
UI_20150323_001395	{@st59}買取依頼ストアを設定します{/}
UI_20150323_001396	購入数量：%s {/}
UI_20150323_001397	購入アイテム検索
UI_20150323_001398	購入数量
UI_20150323_001399	本あたりの価格
UI_20150323_001400	{@sti5}%s個{/}
UI_20150323_001401	{@st41}食べる
UI_20150323_001402	{@st41}製作
UI_20150323_001403	{@st41}製作本数
UI_20150323_001404	{@st41}消費材
UI_20150401_001405	{@st59}ブリーケティングを閉じます{/}
UI_20150401_001406	{@st41}拠点解体
UI_20150401_001407	{@st43} [%sサークル] {/}
UI_20150401_001408	{@st43}スキル{/}
UI_20150401_001409	{@st43}クラスTip {/}
UI_20150401_001410	クラスTip
UI_20150401_001411	{@st42} {#ffff00}ターゲット固定{/}
UI_20150401_001412	{@st41}テーブル解体
UI_20150401_001413	{@st43}チンキクチャリング{/}
UI_20150401_001414	ジョイスティッククイックスロット
UI_20150401_001415	{@st42} {#ffff00}キーボードモード{/}
UI_20150401_001416	{@st43}献呈さを展開される
UI_20150401_001417	{@st41b}を展開される
UI_20150401_001418	{@st41b}献呈する
UI_20150401_001419	{@st41}献呈さ名前
UI_20150401_001420	お支払金額
UI_20150401_001421	収益予想
UI_20150401_001422	所持金
UI_20150401_001423	{@st45tw}献呈さ物品詳細
UI_20150401_001424	{@st41}一括販売
UI_20150401_001425	{@st43}献呈する
UI_20150401_001426	献呈する
UI_20150401_001427	取引精算
UI_20150401_001428	予想バランス
UI_20150401_001429	{@st45tw}献呈する
UI_20150401_001430	{@st41}を空にする
UI_20150401_001431	{@st43}現在のゾーンのユーザーのリスト{/}
UI_20150401_001432	{@st59}オペレータUIのリストを閉じます{/}
UI_20150401_001433	{@st41}パーティー説明：
UI_20150401_001434	{s20}毒の量{s28} {b} {#ff6600}%s
UI_20150401_001435	毒製造用材料アイテム
UI_20150401_001436	{@st41b}全体の選択{/}
UI_20150401_001437	{@st59}もう一度クリックすると全体を解除{/}
UI_20150401_001438	{@st41b}製造{/}
UI_20150401_001439	{@st59}混合混合回し混合{/}
UI_20150401_001440	{@st41b}業績{/}
UI_20150401_001441	ヘアカラー
UI_20150401_001442	装着可能称号
UI_20150401_001443	{@st41b}ジョイスティックUIモード{/}
UI_20150401_001444	{@st41} {#ffffcc}名前
UI_20150401_001445	{@st41} {#ffffcc}価格
UI_20150401_001446	{@st41} {#ffffcc}状態
UI_20150401_001447	{@st41b}プレビューキャンセル
UI_20150401_001448	{@st41} {#ffff00}私NXP：%s {/}
UI_20150401_001449	着用中
UI_20150401_001450	説明：{#FFFF00}%s {/}
UI_20150401_001451	平均レベル：{#FFFF00}%s {/}
UI_20150401_001452	条件
UI_20150401_001453	称号%s
UI_20150401_001454	補償%s
UI_20150401_001455	{@st42}本数
UI_20150406_001456	{@st43}ベースキャンプ
UI_20150406_001457	{@st42}建設
UI_20150406_001458	{@st42}キャンセル
UI_20150406_001459	{@stc1}キャンプ保持時間
UI_20150406_001460	{@st41b}ベースキャンプ
UI_20150406_001461	{@st41b}キャンプ保持時間
UI_20150406_001462	{@st42b}更新時24時間追加キャンプ維持され、{nl}%sシルバーが消費されます。
UI_20150406_001463	{@st41}キャンプ解体
UI_20150406_001464	{@st42}テーブル解体
UI_20150406_001465	{@st59b}グリモア{nl} {@st59s} - カードをデッキに上げソファンスルを実行します{/}
UI_20150406_001466	{@st41}内召喚スキル
UI_20150406_001467	{@st41}ステップ
UI_20150406_001468	{@st41b}献呈さ名前
UI_20150406_001469	{@st41b}献呈さ物品詳細
UI_20150406_001470	{@st59}買取依頼の店を閉じます
UI_20150406_001471	{@st59b}買取依頼店{nl} {@st59s} - 私のものを銀に交換することができます
UI_20150406_001472	{@st41b}依頼者の要求アイテム{/}
UI_20150406_001473	{@st41b}販売登録アイテム{/}
UI_20150406_001474	{@st41b}総収入
UI_20150406_001475	{@st41b}販売
UI_20150406_001476	{@st59}登録したアイテムを販売します{/}
UI_20150406_001477	{@st59}個人倉庫を閉じます{/}
UI_20150406_001478	{@st41b}倉庫に物品を保管して検索する際に%sシルバーが消費されます。{/}
UI_20150406_001479	{@st41b}本数
UI_20150414_001480	{@st42b}更新時キャンプ保持時間が増加され、{nl}%sシルバーが消費されます。
UI_20150414_001481	{@st41b}タイプ{@sti7}%s {/}
UI_20150414_001482	{@st41b}操作の難易度{@sti7}%s {/}
UI_20150414_001483	{@st59b}アイテム{/}
UI_20150414_001484	{@st59b}モンスター{/}
UI_20150414_001485	{@st59b}マップ移動{/}
UI_20150414_001486	{@st59b}戦闘コマンド{/}
UI_20150414_001487	{s26} {b}の
UI_20150414_001488	{s26} {b}レベル
UI_20150414_001489	{@st44} {s26}レベル
UI_20150414_001490	{@st59b} {s26}匹
UI_20150414_001491	{@st41b}調理
UI_20150414_001492	{@st41b}食品
UI_20150414_001493	{@st42}ベシクデ解体
UI_20150414_001494	{@st41b}記録{/}
UI_20150414_001495	{@st41}パーティー説明
UI_20150414_001496	{@st41b}入力{/}
UI_20150414_001497	焙煎レベル%s
UI_20150428_001498	{@st43}買取店{/}
UI_20150428_001499	{@st41b}締め切り
UI_20150428_001500	{@st41b}バグ情報提供
UI_20150428_001501	{@st59}問題がある事項を通知します{/}
UI_20150428_001502	バグを情報提供すると、現在までのゲームプレイ画面がサーバーに送信されます。転送されたリプレイファイルは、バグ修正に役立ちます。転送しますか？
UI_20150428_001503	{@st41b}バグの内容：{/}
UI_20150428_001504	{@st41b}バグについては必須ではないが、分析に役立ちます。
UI_20150428_001505	{@st41b}送信
UI_20150428_001506	{@st42} {s14} {#ffff00}ターゲット固定{/}
UI_20150428_001507	{@st59}距離や方向転換に関係なく、ターゲットを固定します
UI_20150428_001508	パーティー条件に一致する！
UI_20150428_001509	ジョイスティック休憩クイックスロット
UI_20150428_001510	{@st41b}リラックスモード
UI_20150428_001511	ジョイパッドのチュートリアル
UI_20150428_001512	{@st59}ジョイパッドの説明を終了します。（M）{/}
UI_20150428_001513	キーボードチュートリアル
UI_20150428_001514	{@st44}ログアウト{/}
UI_20150428_001515	{@st41b}ヘルパーを残す（NXP%s個必要）{/}
UI_20150428_001516	ソケットの追加料金：{#ff9933}%s {/} {nl}ジェム削除コスト：{#ff9933}%s {/}
UI_20150428_001517	{@st41b}ジェム削除
UI_20150428_001518	{@st42} {s14} {#ffff00} UIモード{/}
UI_20150428_001519	{@st59}キーボードやジョイパッドを使用してUIを操作します
UI_20150428_001520	パーティーメンバーの検索機能を使用する
UI_20150428_001521	検索機能を使用しているキャラクターの中の条件に合ったキャラクターを{nl}満たしている場合、[パーティ条件の一致！]フレーズが表示されます。
UI_20150428_001522	{@st41}プレイスタイル{/}
UI_20150428_001523	クエスト進行
UI_20150428_001524	狩猟中心
UI_20150428_001525	イベント進行
UI_20150428_001526	{@st41}レベル差{/}
UI_20150428_001527	関係なし/
UI_20150428_001528	{@st41}希望クラス系列{/}
UI_20150428_001529	{@st41b}パーティー脱退
UI_20150428_001530	{@st59}パーティー説明で検索します{/}
UI_20150428_001531	{s18} {ol} {gr gradation1}ヘルパールール{/}
UI_20150428_001532	{@st59}製造を実行します。{/}
UI_20150428_001533	{@st45ty}ヘアカラー
UI_20150428_001534	{@st45ty}装着可能称号
UI_20150428_001535	{@st41_yellow}ヘルパースキル
UI_20150428_001536	{@st41b}他のキャラクターの名前を表示{/}
UI_20150428_001537	{@st43} UIモード{/}
UI_20150428_001538	{@st41b}自動{/}
UI_20150428_001539	{@st41b}ジョイパッド{/}
UI_20150428_001540	{@st41b}キーボード{/}
UI_20150428_001541	ジョイパッド
UI_20150428_001542	{@st59}ジョイパッド案内{/}
UI_20150428_001543	キーボード
UI_20150428_001544	{@st59}キーボード案内{/}
UI_20150428_001545	{@st43}グラフィック設定{/}
UI_20150428_001546	{@st43}パフォーマンスチューニング{/}
UI_20150428_001547	{@st41b}低スペックモード{/}
UI_20150428_001548	{@st41b}自動調整{/}
UI_20150428_001549	{@st41b}を使用しない{/}
UI_20150428_001550	ゲームfaq
UI_20150428_001551	人数：（%s /%s）
UI_20150428_001552	100レベル以上：（%s /%s）
UI_20150511_001553	{@st41}パーティーに招待リンクをかける
UI_20150714_001554	{@st66b}落札物品：%s個/流札物品：%s個{/}
UI_20150714_001555	{@st41b}取引記録
UI_20150714_001556	{@st41b}キャンプ解体
UI_20150714_001557	カード対戦
UI_20150714_001558	{@st64}%sワット{/}
UI_20150714_001559	カード決定
UI_20150714_001560	冒険指数{#ffff00}%s {/}（{#ffff00}%s {/}上）
UI_20150714_001561	{@st66b}良い！
UI_20150714_001562	このキャラクターが良い{#ffff00}%s {/}
UI_20150714_001563	{@st41b}ベシクデ解体
UI_20150714_001564	{@st42}内召喚スキル
UI_20150714_001565	{@st42}ステップ
UI_20150714_001566	{@st42}現在の位置：%s {/}
UI_20150714_001567	{@st59b}着用装備{nl} {@st59s} - ヘア/コスチューム：外形変更可能アイテム着用{nl} - 武器：片手機器と両手装備着用可能{nl}（片手装備着用時のサブウェポン/盾着用可能）{nl} - 防具：トップス、ボトムス、グローブ、シューズ着用{nl} - アクセサリー：ネックレス1個、ブレスレット2個着用{nl}（ブレスレット2はAltキー比較表示/装着可能）{/}
UI_20150714_001568	{@st43}%s商店開設{/}
UI_20150714_001569	{@st41b}焙煎{/}
UI_20150714_001570	{@st66}すべてを選択
UI_20150714_001571	{@st43}矢製作{/}
UI_20150714_001572	{@st59} UIを閉じます{/}
UI_20150714_001573	{@st66b}確認{/}
UI_20150714_001574	{@st66b}ヘルパーを残す（NXP%s個必要）{/}
UI_20150714_001575	ソケットの追加料金：{#000000}%s {/} {nl}ジェム抽出コスト：{#000000}%s {/}
UI_20150714_001576	{ds}推奨レベル：%s
UI_20150714_001577	探査率：50.0%
UI_20150714_001578	{@st45tw} [探査率%s%] {/}
UI_20150714_001579	>>もっと見る。
UI_20150714_001580	%s（%sランク）
UI_20150714_001581	職業名
UI_20150714_001582	{@st41b}招待
UI_20150714_001583	{@st41}ジョイパッドやマウス操作を必要に応じて、システムメニューのゲームの設定から選択することができます。{/}
UI_20150714_001584	条件が一致する文字を満たしている場合、[パーティ条件の一致！]フレーズが表示されます。{nl}また、パーティーメンバーを取得する他のパーティーによく推奨されます。
UI_20150714_001585	{@st42}プレイスタイル{/}
UI_20150714_001586	{@st42}レベル差{/}
UI_20150714_001587	関係なし
UI_20150714_001588	{@st42}希望クラス系列{/}
UI_20150714_001589	{@st42}パーティー名：%s {/}
UI_20150714_001590	{@st42}パーティー説明{/}
UI_20150714_001591	{@st42}入力{/}
UI_20150714_001592	{@st42}アイテム分配ルール
UI_20150714_001593	{@st42}経験値分配ルール
UI_20150714_001594	それぞれ得る
UI_20150714_001595	均等分配
UI_20150714_001596	レベル差分
UI_20150714_001597	{@st42}クエスト共有
UI_20150714_001598	使用しない
UI_20150714_001599	{@st42}オープンハウスリストに登録{/}
UI_20150714_001600	希望のレベル
UI_20150714_001601	{@st42}パーティーメンバーオススメ機能の使用{/}
UI_20150714_001602	距離によって
UI_20150714_001603	職業によって
UI_20150714_001604	レベルによって
UI_20150714_001605	進行クエストによって
UI_20150714_001606	知人で
UI_20150714_001607	{@st42}パーティーに招待リンクをかける
UI_20150714_001608	>>パーティーを見る。
UI_20150714_001609	パーティー名：%s
UI_20150714_001610	パーティー紹介：%s
UI_20150714_001611	結成時間：%s前
UI_20150714_001612	人員構成：%s / 5
UI_20150714_001613	登録
UI_20150714_001614	{@st59}パーティーの名前と説明を検索します{/}
UI_20150714_001615	シンプルヘルプコンテンツ
UI_20150714_001616	{@st43}メッセージする
UI_20150714_001617	{@st41b}全体
UI_20150714_001618	{@st41b}ない読んだメッセージする
UI_20150714_001619	{@st43} {s22}アイテムを受領するキャラクターを選択してください。{/}
UI_20150714_001620	{@st41b}強化
UI_20150714_001621	{@st66}修理が必要なアイテムのリスト
UI_20150714_001622	{@st43}シモニー
UI_20150714_001623	{@st59}スキルを掲載して{/}
UI_20150714_001624	{@st59}スキルと特性を閉じます{/}
UI_20150714_001625	{@st43}スキルと特性{/}
UI_20150714_001626	残りのステータスポイント{nl}{@st46}%s
UI_20150714_001627	私が受け取った良い！ ：%s個
UI_20150714_001628	{@st66b}経験値獲得量表記{/}
UI_20150714_001629	{@st66b}キャラクター名を表示{/}
UI_20150714_001630	{@st66b}チーム名のみが表示{/}
UI_20150714_001631	{@st66b}他のキャラクターの名前を表示{/}
UI_20150714_001632	{@st66b}自動{/}
UI_20150714_001633	{@st66b}ジョイパッド{/}
UI_20150714_001634	{@st66b}キーボード{/}
UI_20150714_001635	{@st66b}マウス
UI_20150714_001636	{@st66b}フルスクリーン{/}
UI_20150714_001637	{@st66b}ウィンドウモード{/}
UI_20150714_001638	{@st66b}音響効果サイズ（%s）{/}
UI_20150714_001639	{@st66b}音楽サイズ（%s）{/}
UI_20150714_001640	{@st66b}サウンド全体のサイズ（%s）{/}
UI_20150714_001641	{@st66b}低スペックモード{/}
UI_20150714_001642	{@st66b}自動調整{/}
UI_20150714_001643	{@st66b}を使用しない{/}
UI_20150714_001644	{@st66b}ブルーム適用{/}
UI_20150714_001645	{@st66b}非ネッティング適用{/}
UI_20150714_001646	{@st66b} FXAA適用{/}
UI_20150714_001647	{@st66b} GLOW適用{/}
UI_20150714_001648	{@st66b} Depth適用{/}
UI_20150714_001649	{@st66b} SoftParticle適用{/}
UI_20150714_001650	{@st66b}ハイスペックテクスチャ適用{/}
UI_20150714_001651	{@st66b}垂直同期オン{/}
UI_20150714_001652	{@st66b}垂直同期をオフに{/}
UI_20150714_001653	{@st66b}倉庫に物品を保管して検索する際に%sシルバーが消費されます。{/}
UI_20150714_001654	%sが私好きです
UI_20150714_001655	{@st41}観戦する
UI_20150714_001656	{@st66b}観戦終了
UI_20150714_001657	ゲームを見つけました。参加しますか？
UI_20150714_001658	{@st41}参加
UI_20150714_001659	{@st41}拒絶
UI_20150714_001660	試合終了
UI_20150714_001661	デス
UI_20150714_001662	ダメージ
UI_20150714_001663	{@st41}ジョンに戻る
UI_20150714_001664	{@st41b}%s秒後にゾーンに移動します... {/}
UI_20150714_001665	{@st59}メッセージであることを開きます{/}
UI_20150714_001666	{@st42}宿泊施設の変更{/}
UI_20150714_001667	{@st42}宿泊施設設定{/}
UI_20150714_001668	{@st65}%s点{/}
UI_20150714_001669	{@st65}%s個{/}
UI_20150714_001670	{@st65}%s点{/}
UI_20150714_001671	{@st65}%s個{/}
UI_20150714_001672	写真の説明
UI_20150714_001673	{#000000}%s秒
UI_20150714_001674	{#000000}%s装着
UI_20150714_001675	パーティー名：{#2c140c}%s {/}
UI_20150714_001676	説明：{#2c140c}%s {/}
UI_20150714_001677	平均レベル：{#2c140c}%s {/}
UI_20150714_001678	探しているパーティーメンバー：{#2c140c}%s {/}
UI_20150714_001679	クエスト共有：{#2c140c}%s {/}
UI_20150714_001680	経験値分配ルール：{#2c140c}%s {/}
UI_20150714_001681	アイテム分配ルール：{#2c140c}%s {/}
UI_20150714_001682	パーティーは楽しいましたか？
UI_20150714_001683	{@st42}%sさんが%sを召し上がりました
UI_20150714_001684	{@st42}%sさんが%sを強化しました。
UI_20150714_001685	メモ：%s
UI_20150714_001686	{@st59}材料アイテムをスロットに追加します。{/}
UI_20150714_001687	{@st66b}価格：%s {/}
UI_20150714_001688	キャラクターのご挨拶
UI_20150714_001689	買取依頼店
UI_20150714_001690	%s個
UI_20150714_001691	{@​​41b}条件
UI_20150714_001692	{@st41}削除
UI_20150714_001693	{@st41}リフレッシュ
UI_20150717_001694	このプレーヤーが良い{#ffff00}%s {/}
UI_20150717_001695	{@st41b} {s56}このゲームは、{#0066FF}
UI_20150717_001696	12歳ユーザー対象
UI_20150717_001697	{#FFFFFF}です。{nl} {s40} {nl}長時間のゲームプレイでは、健康に害を与えることができます。{/}
UI_20150717_001698	{@st66b}入力
UI_20150717_001699	{@st42}内召喚獣の情報
UI_20150717_001700	{@st59} STA {nl} {@st59s}スタミナが不足すると、移動が遅くなります{/}
UI_20150717_001701	{@st59}インベントリを調整します{/}
UI_20150717_001702	まとめ
UI_20150717_001703	{@st59}ジョイパッドの説明を終了します。{/}
UI_20150717_001704	{@st59}キーボードの説明を終了します。{/}
UI_20150717_001705	マウスチュートリアル
UI_20150717_001706	{@st59}マウスの説明を終了します。{/}
UI_20150717_001707	攻撃力：%s
UI_20150717_001708	防御力：%s
UI_20150717_001709	力：%s
UI_20150717_001710	体力：%s
UI_20150717_001711	知能：%s
UI_20150717_001712	アジャイル：%s
UI_20150717_001713	精神：%s
UI_20150717_001714	{@st42b}ソードマン系は方向を素早く2回入力して疾走することができます{/}
UI_20150717_001715	{@st42}パーティー名説明{/}
UI_20150717_001716	{@st42}パーティーに招待タグを挿入
UI_20150717_001717	{@st41b}オープンハウスリスト{/}
UI_20150717_001718	{@st41b}推薦キャラクターリスト{/}
UI_20150717_001719	{@st41b}推薦受ける
UI_20150717_001720	パーティーリーダーのみ使用可能な機能です。
UI_20150717_001721	パーティーメンバー推薦機能を使用します。
UI_20150717_001722	{@st66b}クエストクラス名{/}
UI_20150717_001723	{@st59b}店{nl} {@st59s} - アイテムを複数の販売/購入するには、Shift +右クリックした後の数の入力{nl} - アイテムを全量販売し、マウスのダブル右クリックで利用{/}
UI_20150717_001724	{@st59}マウス案内{/}
UI_20150717_001725	{@st66b}ソート
UI_20150717_001726	{@st59}アイテムをソートします。{/}
UI_20150717_001727	{@st59}スロットに武器装備{nl} Alt + Zで武器の切り替え{/}
UI_20150717_001728	他の時点で観戦する
UI_20150717_001729	{@st41}バトルフィールド
UI_20150717_001730	結果
UI_20150717_001731	{@st41}スキップ
UI_20150717_001732	{@st66b}チーム名はすべての文字を表す名前です。{nl}自由に変えることができるチーム名は取引、ギルド加入、会話などに使用される共通名です。{/}
UI_20150729_001733	{@st42}Show only available{/}
UI_20150729_001734	Leg Count
UI_20150729_001735	Height
UI_20150729_001736	Weight
UI_20150729_001737	{@st43}Gem Roasting{/}
UI_20150729_001738	{@st59b}Item Crafting{nl}{@st59s} - You can craft items using its recipes{nl} - Place the recipe and materials on the slot then craft{nl} - You can attach a name and memo to the item{/}
UI_20150729_001739	{@st59}Close Arrow Crafting.{/}
UI_20150729_001740	Fragments needed : Mutant %s / Beast %s / Plant %s
UI_20150729_001741	{@st42b}Swordsman types can run by double tapping directional key.{/}
UI_20150729_001742	{@st41}Party Settings
UI_20150729_001743	{@st41}Party Gathering Settings
UI_20150729_001744	{@st42}User Party Search Function{/}
UI_20150729_001745	If there is a player matching your conditions, [Party condition matched!] message will be shown.
UI_20150729_001746	{@st41b}Recommended Player List{/}
UI_20150729_001747	{@st41}Attribute Information
UI_20150729_001748	{@st59}Cancel Enhancement{/}
UI_20150729_001749	{@st59b}Gem/Card Enhancement{nl}{@st59s} - Select Gem or Card to enhance from your inventory{nl} - All items except quest items can be used as materials{nl} (Most effective when using Gem as material){nl} - Card can only be enhanced by using other cards{/}
UI_20150729_001750	{#000000}{s22}Waiting to enter server...
UI_20150729_001751	{#000000}{s22}Server full. Queueing for entry.
UI_20150729_001752	{#000000}{s22}Current Rank : %s
UI_20150729_001753	{@st43}Team Battle League
UI_20150729_001754	{@st59}Close Team Battle League
UI_20150729_001755	{@st42}Team Battle League Schedule
UI_20150729_001756	{@st43}Team Battle League Rankings
UI_20150729_001757	{@st59}Close Team Battle League Rankings
UI_20150729_001758	Team Name
UI_20150729_001759	{@st41b}Skill Name
UI_20150729_001760	{@st59}Accept Party Mission{/}
UI_20150729_001761	{@st59}Delete this Ticket{/}
UI_20150729_001762	Score
UI_20150729_001763	Join Team Battle League
UI_20150730_001764	{@st56}My Rank
UI_20150730_001765	{@st56}Kill Rank
UI_20150730_001766	{@st56}Damage Rank
UI_20150803_001767	General: /s chat{nl}Shout: /y chat {nl}Party: /p chat{nl} Whisper: /w TeamName Chat
UI_20150803_001768	{@st66b}Joypad Vibration{/}
UI_20150803_001769	Found match. Please wait until you joint the game.
UI_20150803_001770	{@st43}{s18}Please select the character to receive items.{/}
UI_20150804_001771	Max Socket %s ea
